time, heard, learned, nov_n_min1, nov_n_min2, all, lrn, n, v, oth
1,6,0,0.383850042614,0.383850042614,0.384530399684,0.0,0.383850042614,0.330705020464,0.494222229336
2,8,0,-1,-1,0.481497159921,0.0,0.441440791611,0.509644938262,0.499360044874
3,9,1,-1,-1,0.538390036446,0.993533048646,0.441440791611,0.509644938262,0.664084379465
4,13,2,-1,-1,0.508030900723,0.85305411088,0.453365305021,0.539769227521,0.526372715848
5,19,2,-1,-1,0.464724655848,0.85305411088,0.446917387294,0.490633017423,0.456422927513
6,21,3,0.433658127281,-1,0.483362812709,0.854664871488,0.517500956678,0.490633017423,0.45575724692
7,22,4,-1,-1,0.501224413557,0.860078161456,0.517500956678,0.490633017423,0.497813325364
8,25,4,0.598275820269,-1,0.510924736087,0.860078161456,0.543527571324,0.509094368564,0.491342256632
9,29,5,0.52351316769,0.52351316769,0.505691940073,0.850336019868,0.539079926072,0.500587667498,0.484053798957
10,30,6,-1,-1,0.520851546529,0.868693372185,0.539079926072,0.500587667498,0.520701978558
11,31,7,0.392849292527,-1,0.535787381509,0.849261389349,0.537094820982,0.504414411606,0.554088101855
12,32,8,-1,-1,0.543875141779,0.842428179449,0.537094820982,0.504414411606,0.571267216733
13,34,9,-1,-1,0.536822606883,0.82505032123,0.544393801147,0.506259640802,0.547372093508
14,37,9,0.389222307,0.389222307,0.533149138661,0.82655581273,0.518531885455,0.519360260431,0.551868322569
15,38,10,-1,-1,0.54509809822,0.842621191648,0.518531885455,0.519360260431,0.577476633119
16,39,10,-1,-1,0.549304868275,0.858039372332,0.531380369358,0.507361486973,0.586630032983
17,39,11,-1,-1,0.556860957047,0.852351827931,0.53179395271,0.524008931804,0.59388003378
18,40,12,-1,-1,0.565096296143,0.855178719012,0.559061688725,0.524008931804,0.59388003378
19,43,12,-1,-1,0.558640847039,0.862959249096,0.563464537819,0.527621864082,0.571014939511
20,45,13,0.224643065724,-1,0.561417924256,0.860139894434,0.550046516264,0.552281816226,0.573349390551
21,53,14,0.280335556658,0.280335556658,0.528153409475,0.842607956568,0.485649472944,0.538011889344,0.555512891933
22,57,15,0.293803158091,-1,0.525475642524,0.838780498973,0.491042254808,0.51753758068,0.554302223629
23,58,15,-1,-1,0.526241705815,0.844279011549,0.495383185789,0.51753758068,0.551825460708
24,59,15,0.618196949027,-1,0.530685896059,0.846909979958,0.503497100258,0.51753758068,0.556669440525
25,59,15,-1,-1,0.530764460766,0.847219001139,0.503497100258,0.51753758068,0.556841118958
26,61,16,0.537001129021,-1,0.536806032781,0.851362198016,0.50966141041,0.544054531696,0.554058000025
27,61,16,-1,-1,0.539885178236,0.863101440063,0.50966141041,0.544054531696,0.560766138338
28,63,18,0.304945797076,-1,0.544150218668,0.851142691979,0.500833187661,0.554819702623,0.573231339766
29,65,18,-1,-1,0.5442225799,0.851918041473,0.505397341965,0.554819702623,0.570264575662
30,65,18,-1,-1,0.54648971627,0.85418210374,0.51168195926,0.555036446185,0.570264575662
31,66,18,-1,-1,0.548450068235,0.85418210374,0.51168195926,0.555036446185,0.573784854672
32,66,19,-1,-1,0.555665855564,0.850340296216,0.532388131595,0.555036446185,0.573784854672
33,67,19,-1,-1,0.564200852619,0.850857402867,0.543816313791,0.554173266468,0.584508539257
34,67,19,-1,-1,0.563618279882,0.848803067426,0.543816313791,0.554173266468,0.583207460144
35,67,20,-1,-1,0.566344538788,0.849289528687,0.543816313791,0.554173266468,0.589296105034
36,68,21,0.470994459305,-1,0.569155969078,0.848203215002,0.540964717757,0.556661691617,0.59753963295
37,70,21,0.474984635086,-1,0.568532209584,0.853579432935,0.538805358351,0.553335149633,0.600903115586
38,71,22,-1,-1,0.572738939053,0.854199004253,0.538805358351,0.553335149633,0.609493660307
39,72,23,0.530570036639,-1,0.57808475944,0.854678780638,0.545435902748,0.570638932873,0.609070490811
40,74,24,-1,-1,0.579785445198,0.858418003049,0.56294672095,0.568957099428,0.598881081534
41,75,25,0.842728156345,-1,0.583195207209,0.85750198677,0.572939327354,0.569130255816,0.598881081534
42,76,26,0.774671254889,-1,0.585829570137,0.854652171498,0.579785595546,0.570303502876,0.598881081534
43,76,27,-1,-1,0.588609140934,0.851260243489,0.581153262393,0.570275997244,0.604299606501
44,77,28,-1,-1,0.589958578915,0.845590801419,0.578039162369,0.570275997244,0.609615093159
45,77,28,-1,-1,0.589960518273,0.845596134654,0.578039162369,0.570275997244,0.609619618328
46,79,29,0.495420537179,0.495420537179,0.588119239835,0.841965997921,0.572531254023,0.571005846869,0.610587538679
47,80,29,0.463217434455,-1,0.587128895133,0.843540971341,0.569767703543,0.570337769125,0.611579045296
48,81,29,-1,-1,0.592983033542,0.843540971341,0.569767703543,0.570337769125,0.624806547089
49,81,29,-1,-1,0.593076821055,0.843802929566,0.569767703543,0.570337769125,0.625029982046
50,82,29,-1,-1,0.592536846716,0.84491653895,0.570809467161,0.565440720385,0.62589516771
51,83,30,-1,-1,0.5931759433,0.842298686149,0.574278450398,0.561660561326,0.627090624343
52,84,30,-1,-1,0.596620708172,0.843410642901,0.586990771383,0.552580359262,0.630011727871
53,86,30,-1,-1,0.599492209933,0.844407248819,0.580546100325,0.554153947553,0.641426566867
54,86,30,-1,-1,0.599800707684,0.845291609039,0.580546100325,0.554153947553,0.642184589913
55,87,30,-1,-1,0.600165687857,0.845733737018,0.580960595305,0.549548412346,0.646648787053
56,87,31,-1,-1,0.605540346073,0.847348045487,0.581298990597,0.551513808905,0.658576178033
57,87,31,-1,-1,0.607024165825,0.851512313822,0.585333125546,0.551513808905,0.658576178033
58,87,31,-1,-1,0.60732372162,0.852353002667,0.586121428454,0.551555591964,0.658576178033
59,87,32,-1,-1,0.61286803601,0.851425515194,0.601195033201,0.551555591964,0.658576178033
60,87,32,-1,-1,0.613019579148,0.851837523099,0.601277080886,0.552083528317,0.658576178033
61,88,32,0.547407901416,-1,0.612398106484,0.852178838204,0.59973654007,0.552478065857,0.658576178033
62,88,33,-1,-1,0.61670494491,0.854428257739,0.611221442538,0.552478065857,0.658576178033
63,88,33,-1,-1,0.616705143476,0.854428787249,0.611221442538,0.552478065857,0.658576677285
64,89,33,0.604185540575,-1,0.61658963501,0.854496646323,0.611158297112,0.552345585456,0.658576677285
65,89,34,-1,-1,0.619679792479,0.855223496587,0.619247238722,0.552345585456,0.658576677285
66,89,34,-1,-1,0.621012289189,0.858711502682,0.622760824103,0.552302100668,0.658576677285
67,89,34,-1,-1,0.621970204155,0.861218985975,0.625268307396,0.552302100668,0.658576677285
68,89,35,-1,-1,0.628479810252,0.864044621807,0.64179992441,0.553166098874,0.658576677285
69,92,35,-1,-1,0.623263522841,0.866409040029,0.644233884344,0.537196831671,0.656054492691
70,92,35,-1,-1,0.623949808606,0.868212991184,0.645663085282,0.537196831671,0.656458533206
71,93,36,-1,-1,0.625479532947,0.865379690659,0.649107402054,0.537196831671,0.656458533206
72,93,36,-1,-1,0.627023478942,0.869368217812,0.653209887126,0.537196831671,0.656458533206
73,94,38,-1,-1,0.632142393803,0.866587793345,0.661635170043,0.541686717646,0.658028277777
74,94,39,-1,-1,0.635503402019,0.865958659895,0.66152498909,0.541974523086,0.666500153073
75,94,39,-1,-1,0.63543801603,0.865801062898,0.661389491553,0.541910710855,0.666500153073
76,94,39,-1,-1,0.635595939322,0.866181698524,0.66184980518,0.541853156876,0.666500153073
77,94,39,-1,-1,0.635812445743,0.866703534513,0.66184980518,0.541853156876,0.667050196413
78,95,40,0.53642679861,-1,0.638362204249,0.865335483753,0.658491669763,0.557175092044,0.667050196413
79,96,40,-1,-1,0.638902149854,0.865147417157,0.658491669763,0.563285724831,0.666846881175
80,97,41,-1,-1,0.639595332514,0.862164947401,0.652645638134,0.563285724831,0.673980728967
81,99,41,-1,-1,0.637937798956,0.863593060773,0.653322365847,0.560213311956,0.672047238773
82,100,42,-1,-1,0.639349249813,0.864375759842,0.655076326089,0.564415729354,0.67333441269
83,100,42,-1,-1,0.63928728047,0.864228213786,0.655076326089,0.564415729354,0.67317133547
84,100,42,-1,-1,0.640311547936,0.866666945849,0.657844616538,0.564415729354,0.67317133547
85,100,42,-1,-1,0.642428266087,0.869955376125,0.65915499636,0.564415729354,0.677465750252
86,100,42,-1,-1,0.642986069359,0.870594010074,0.659181965489,0.566525881383,0.677519136268
87,100,42,-1,-1,0.643371770202,0.871512345415,0.659181965489,0.566525881383,0.678534138486
88,100,42,-1,-1,0.645435213966,0.876425306759,0.660534483398,0.566525881383,0.682647328324
89,100,43,-1,-1,0.64866199531,0.876022507369,0.669255514058,0.566525881383,0.682647328324
90,100,43,-1,-1,0.650923378876,0.876491523024,0.674822289286,0.566525881383,0.683178056565
91,103,44,-1,-1,0.647928337789,0.874484211763,0.668759728705,0.55932874532,0.686697480081
92,103,44,-1,-1,0.647988777171,0.874625694861,0.668759728705,0.55932874532,0.686857102037
93,104,45,-1,-1,0.649943903694,0.874107833545,0.669610264975,0.567517312002,0.687846371567
94,104,45,-1,-1,0.649788190779,0.873747963696,0.669610264975,0.567517312002,0.687431137126
95,112,45,0.158303344935,-1,0.625255798544,0.872973344816,0.660242877605,0.540833727588,0.65242245076
96,112,45,-1,-1,0.625210532436,0.872860682504,0.660242877605,0.540833727588,0.65230454834
97,112,45,-1,-1,0.625204790978,0.872846392652,0.66027351233,0.540772467669,0.65230454834
98,113,45,-1,-1,0.625249965196,0.872846392652,0.659524411462,0.540772467669,0.65230454834
99,115,45,-1,-1,0.622777730873,0.873886189494,0.659776434561,0.541688864373,0.643949238595
100,116,46,0.718637783011,-1,0.62394053886,0.871359608359,0.661190053094,0.541687610725,0.64483737798
101,117,47,-1,-1,0.624988229862,0.868703454694,0.661190053094,0.541687610725,0.647047878157
102,118,48,0.480467520883,-1,0.62702953925,0.871885514602,0.661988271177,0.547999616189,0.646651951227
103,118,48,-1,-1,0.627126424125,0.872123689918,0.662049302333,0.548061605126,0.646804330324
104,118,48,-1,-1,0.627397721831,0.872790630112,0.66268430105,0.548061605126,0.646920486481
105,120,49,-1,-1,0.626674339678,0.87065444125,0.662198390447,0.555818508871,0.641664140161
106,122,49,0.587631497512,-1,0.625573730345,0.870838298028,0.66044337235,0.556138117494,0.639180176016
107,122,49,-1,-1,0.625547293293,0.870772475163,0.66044337235,0.556138117494,0.63911298184
108,123,51,-1,-1,0.627671520876,0.868110622955,0.66044337235,0.562565832834,0.640101862018
109,124,51,-1,-1,0.62901792776,0.869169901585,0.660803789282,0.558471614881,0.647195274018
110,126,51,0.527265186503,-1,0.627540801717,0.871325186603,0.659013209191,0.554612337624,0.648394952458
111,126,51,-1,-1,0.627859993458,0.872113777962,0.659170413327,0.554581452736,0.649095368348
112,126,52,-1,-1,0.63055502588,0.870232884866,0.659441180395,0.564510553771,0.649095368348
113,126,52,-1,-1,0.630555062023,0.870232972444,0.659441180395,0.564510553771,0.649095461288
114,128,53,-1,-1,0.629736546665,0.869411631055,0.659510221906,0.567169482277,0.644534025375
115,128,53,-1,-1,0.629714688351,0.869358841164,0.659510221906,0.567169482277,0.644479165292
116,128,53,-1,-1,0.629741861069,0.869424465842,0.659510221906,0.567169482277,0.644547363486
117,129,54,0.683389443947,-1,0.632898631323,0.870753777167,0.667898110838,0.567169482277,0.644547363486
118,129,54,-1,-1,0.63293788413,0.870847547761,0.668049095634,0.567305478645,0.644425430469
119,129,54,-1,-1,0.632985696797,0.870961766912,0.668049095634,0.567305478645,0.644546368393
120,131,54,-1,-1,0.631063905431,0.872786038342,0.668276482224,0.554124279939,0.651030982618
121,131,54,-1,-1,0.631030123205,0.872704085163,0.668259104077,0.554094959327,0.650979664312
122,131,54,-1,-1,0.631028001863,0.872698938946,0.668169975525,0.554201613302,0.650979664312
123,132,55,-1,-1,0.632507932778,0.871856756104,0.671609299593,0.554201613302,0.650979664312
124,132,55,-1,-1,0.633317414441,0.873799512096,0.673339660944,0.554282786656,0.651458368038
125,132,55,-1,-1,0.634185437446,0.874993695186,0.674382421637,0.554283151086,0.652764236461
126,133,55,0.662379811067,-1,0.63556134174,0.87522456472,0.674625096431,0.557674429579,0.65301321341
127,133,55,-1,-1,0.63554413046,0.875182944714,0.674576052786,0.557674885322,0.65301321341
128,133,55,-1,-1,0.635527092263,0.875141743258,0.674576052786,0.557674885322,0.652968780467
129,134,55,-1,-1,0.637007359214,0.875210593329,0.674609378938,0.557738326029,0.65637507526
130,135,55,0.601153417463,-1,0.636747563322,0.875224802355,0.673104191788,0.557726169405,0.65637507526
131,135,55,-1,-1,0.636746951471,0.875223300539,0.673104191788,0.557726169405,0.656373486801
132,137,55,-1,-1,0.635500391197,0.875932892174,0.669257890769,0.557726169405,0.655650962587
133,138,56,0.714033746642,-1,0.636526602235,0.874168331858,0.670248790758,0.558741908343,0.656080467519
134,138,56,-1,-1,0.636541458207,0.874204941217,0.670248790758,0.558741908343,0.656119149107
135,138,56,-1,-1,0.636892046087,0.875068889921,0.670248790758,0.560124226269,0.656119149107
136,138,56,-1,-1,0.638006791369,0.87549429099,0.670309247633,0.560269440655,0.658868762346
137,138,56,-1,-1,0.638401924992,0.876058362628,0.670374014111,0.56056993292,0.659638062098
138,138,56,-1,-1,0.638587162709,0.876514841286,0.670435916375,0.561211866966,0.659638062098
139,139,56,-1,-1,0.63893516757,0.876514841286,0.670759914846,0.561211866966,0.659638062098
140,139,56,-1,-1,0.639130805886,0.877000443537,0.670759914846,0.561211866966,0.660151151268
141,141,57,0.369323588781,0.369323588781,0.63933483009,0.875208717384,0.659421190127,0.564123608416,0.668916257952
142,141,57,-1,-1,0.639796386164,0.87602616997,0.65943699677,0.565430952568,0.669265024161
143,141,57,-1,-1,0.643261471264,0.875976222293,0.665092687906,0.570126889934,0.669726676255
144,141,57,-1,-1,0.643292635696,0.876053313256,0.665092687906,0.570126889934,0.669809585404
145,142,58,0.385890486192,-1,0.644113981462,0.874413792322,0.663852619026,0.574275001027,0.670122998193
146,142,58,-1,-1,0.644101428355,0.874383058852,0.663852619026,0.574275001027,0.67008936534
147,145,59,-1,-1,0.641416212996,0.872535958836,0.666337608924,0.565457779905,0.668540410111
148,145,59,-1,-1,0.641553841459,0.872874198279,0.666337608924,0.565457779905,0.66890996802
149,147,59,0.299297730333,-1,0.639566976794,0.874411364208,0.659624295598,0.568809969984,0.668930193917
150,147,60,-1,-1,0.641390893877,0.874323905941,0.661490391982,0.573164720245,0.668930193917
151,147,61,-1,-1,0.643709538213,0.871583530413,0.666713851113,0.572420097316,0.670445863114
152,148,61,-1,-1,0.643803938242,0.871523374699,0.668164205282,0.572378549158,0.668792121841
153,149,61,-1,-1,0.643784886171,0.871523374699,0.667678508398,0.572378549158,0.668792121841
154,150,61,0.529764112893,-1,0.645188739447,0.871552553422,0.665290183953,0.572378549158,0.674661555705
155,150,61,-1,-1,0.645142690743,0.871439318902,0.665290183953,0.572378549158,0.674535968328
156,150,61,-1,-1,0.647807258409,0.871372627984,0.664949532394,0.574581476882,0.680633987152
157,152,61,0.46790974206,-1,0.645521607858,0.871478414253,0.661557084434,0.574886981404,0.676844075071
158,153,61,-1,-1,0.645307722967,0.871501774133,0.661557421194,0.574780415955,0.675791146991
159,153,61,-1,-1,0.645480458355,0.871572820705,0.661498498449,0.575555659988,0.675797932258
160,154,61,-1,-1,0.646039426745,0.871793305768,0.664281480883,0.575341609371,0.675849527403
161,154,61,-1,-1,0.646141446799,0.872050864595,0.664292756617,0.575727688753,0.675849527403
162,154,62,-1,-1,0.648841213052,0.872073984426,0.664260926589,0.575833322929,0.683103745152
163,154,62,-1,-1,0.649014407104,0.872053551197,0.664239084172,0.57651057752,0.683130513839
164,156,63,-1,-1,0.648068674453,0.869655043855,0.664307725636,0.576096479266,0.681465619951
165,156,63,-1,-1,0.648083636069,0.869692091666,0.664307725636,0.576096479266,0.681505861539
166,156,63,-1,-1,0.648098740614,0.869729493396,0.664371000309,0.576063638715,0.681505861539
167,157,64,-1,-1,0.649440481882,0.869557971932,0.667665595553,0.576063638715,0.681505861539
168,157,65,-1,-1,0.652049274225,0.868558793657,0.672276243551,0.577067257839,0.683185299487
169,159,65,0.641068179505,-1,0.649733232882,0.868615980304,0.671801148276,0.570116286865,0.683185299487
170,159,66,-1,-1,0.651161725856,0.868608095188,0.675586654657,0.570116286865,0.683185299487
171,159,66,-1,-1,0.652295922189,0.8686941741,0.675516732852,0.574617080161,0.683185299487
172,159,68,-1,-1,0.655606082905,0.867656880682,0.678331831072,0.574870035514,0.68916872175
173,159,69,-1,-1,0.657631203944,0.86896414018,0.679880572459,0.575265776416,0.692838452525
174,159,69,-1,-1,0.657647668207,0.86900207957,0.679880572459,0.575265776416,0.692883587316
175,159,69,-1,-1,0.657716144502,0.869159872771,0.679955842717,0.575421179231,0.692883587316
176,160,69,-1,-1,0.657504054235,0.869144886105,0.679903569488,0.576597241196,0.692919834105
177,160,69,-1,-1,0.657458896358,0.869040172187,0.679903569488,0.576597241196,0.692795260651
178,160,69,-1,-1,0.657470113389,0.869066182694,0.679903569488,0.576597241196,0.692826204185
179,160,69,-1,-1,0.657498557691,0.869132140496,0.679903569488,0.576597241196,0.692904671225
180,160,69,-1,-1,0.657490837275,0.869114238081,0.679903569488,0.576597241196,0.692883373525
181,162,70,0.378718076185,0.378718076185,0.657223052404,0.871256943625,0.673317093877,0.583352027695,0.693511888032
182,162,70,-1,-1,0.657215679827,0.871239881376,0.673317093877,0.583352027695,0.693491295663
183,162,70,-1,-1,0.65766021966,0.872268673562,0.673589649955,0.584254746944,0.693787895105
184,162,70,-1,-1,0.657669137494,0.872289311977,0.673657108946,0.584189561982,0.693787895105
185,163,70,0.590027955467,-1,0.658312852019,0.872839789431,0.674421987886,0.585157236344,0.693789753723
186,163,70,-1,-1,0.658313205925,0.872840613526,0.674373375546,0.585179916085,0.693827128119
187,164,70,-1,-1,0.658484046583,0.872840613526,0.67456021458,0.585179916085,0.693827128119
188,164,71,-1,-1,0.659748623469,0.873134713098,0.677800692851,0.585179916085,0.693827128119
189,165,72,0.429692210537,-1,0.659658891243,0.872955092345,0.673963463229,0.585186223152,0.697556389185
190,166,72,0.435389849645,-1,0.659854678767,0.874916854203,0.670367895268,0.585200892972,0.701951001428
191,166,72,-1,-1,0.659836269528,0.87487441068,0.670338571096,0.585218608796,0.701918853103
192,167,73,-1,-1,0.660779946964,0.874087506442,0.672533971546,0.585218608796,0.701918853103
193,167,73,-1,-1,0.662995478288,0.873803466063,0.673766087284,0.585137052007,0.706933807617
194,167,73,-1,-1,0.662984715466,0.873778844264,0.673765128319,0.585121611453,0.706915106972
195,168,74,-1,-1,0.663507097341,0.872116222997,0.674897183351,0.585121611453,0.706915106972
196,168,74,-1,-1,0.663606487852,0.872341866319,0.674891121457,0.585109255026,0.707219051533
197,168,74,-1,-1,0.663646752292,0.872433277481,0.67499059831,0.585109255026,0.707219051533
198,168,74,-1,-1,0.663664033909,0.872472511421,0.674971836039,0.585092715201,0.707303082889
199,168,74,-1,-1,0.664835702477,0.875132515739,0.677866546621,0.585092715201,0.707303082889
200,168,74,-1,-1,0.665107283226,0.875749077438,0.67795067287,0.585092715201,0.707991099798
201,168,74,-1,-1,0.665323560765,0.876240085906,0.678149913216,0.585092715201,0.70838396675
202,168,74,-1,-1,0.665559942992,0.876776737447,0.678296326791,0.585351102658,0.708709894641
203,169,74,-1,-1,0.665525358645,0.876776737447,0.678027034931,0.585351102658,0.708709894641
204,169,74,-1,-1,0.66553682111,0.876802915237,0.678027034931,0.585351102658,0.70874329389
205,169,74,-1,-1,0.666851202257,0.876664782722,0.678140693169,0.586297053677,0.711752915487
206,169,75,-1,-1,0.668446262126,0.875783253889,0.682061897897,0.586297053677,0.711735708447
207,171,76,-1,-1,0.666271984844,0.874695964547,0.682082435198,0.586389418416,0.704007763439
208,171,76,-1,-1,0.66643013773,0.875051808538,0.682090557526,0.586389418416,0.704449158484
209,172,76,0.263866048727,-1,0.664692073741,0.87641519121,0.676132172221,0.587612463994,0.705301019004
210,172,77,-1,-1,0.667260802829,0.874197947842,0.682443906552,0.587612463994,0.705301019004
211,172,77,-1,-1,0.66725537287,0.874185818581,0.682443906552,0.587612463994,0.705285453119
212,174,77,0.478568168223,-1,0.664630483794,0.874477959285,0.679592279164,0.582707919348,0.705636863794
213,174,77,-1,-1,0.664639778875,0.874498963753,0.679566270543,0.582896307275,0.705559585048
214,174,77,-1,-1,0.665992793049,0.877556424354,0.682882108096,0.582896307275,0.705559585048
215,175,78,0.579889794768,-1,0.666724899329,0.877577075455,0.681486981212,0.582882901362,0.70909716628
216,175,78,-1,-1,0.666754919478,0.877644428353,0.681507875805,0.582866311019,0.709171541282
217,176,78,-1,-1,0.666543952643,0.877660472324,0.681516813298,0.583914377973,0.709171541282
218,176,78,-1,-1,0.666533399533,0.877636660178,0.681493799334,0.583909824748,0.709171541282
219,177,78,-1,-1,0.665549182783,0.877836436222,0.681507862664,0.5819445651,0.709102230187
220,177,78,-1,-1,0.666407970902,0.878005617725,0.681503600899,0.585292029956,0.709130170615
221,177,78,-1,-1,0.666402852948,0.877994003906,0.681503600899,0.585292029956,0.70911507265
222,177,79,-1,-1,0.667177986268,0.876408667664,0.681523777061,0.587951678282,0.709382768306
223,177,79,-1,-1,0.667179084067,0.87641112729,0.681523777061,0.587951678282,0.709386006813
224,178,79,-1,-1,0.667865389798,0.876530238228,0.681652277999,0.591989462996,0.707566385793
225,179,79,-1,-1,0.667382026536,0.876612428701,0.681694908288,0.592166496414,0.705352532493
226,181,79,-1,-1,0.665330208755,0.87695035242,0.681766479189,0.592158846884,0.698288018331
227,181,79,-1,-1,0.665333603305,0.876958129808,0.681775012712,0.592158846884,0.698288018331
228,182,80,-1,-1,0.66505800942,0.874985205929,0.68179151942,0.592625027716,0.696668339523
229,184,80,0.38956786695,0.38956786695,0.662353001361,0.875650940955,0.673893582867,0.592625027716,0.697487705708
230,184,80,-1,-1,0.662348230105,0.875639967067,0.673893582867,0.592625027716,0.697474199384
231,184,80,-1,-1,0.662409810861,0.875781602806,0.673906500461,0.592503325099,0.697718069767
232,185,81,-1,-1,0.663019438418,0.874539742387,0.67521448756,0.592503325099,0.697767075552
233,185,81,-1,-1,0.66306500711,0.87464381903,0.67521448756,0.592503325099,0.697896771061
234,186,81,-1,-1,0.662194044714,0.874616767971,0.675239004732,0.590563190577,0.697834772235
235,187,82,-1,-1,0.662643851689,0.873052026276,0.67612233968,0.590563190577,0.697895318209
236,187,82,-1,-1,0.662958815182,0.873770296683,0.67700109724,0.590584701417,0.697758750518
237,187,82,-1,-1,0.664293613043,0.874020220979,0.676993512776,0.590610377826,0.701589558277
238,187,82,-1,-1,0.66442507285,0.874320013466,0.677316973091,0.590610377826,0.701589558277
239,188,82,-1,-1,0.663570420266,0.874362413591,0.677316973091,0.588762292915,0.701589558277
240,188,83,-1,-1,0.663914145343,0.872512529418,0.677172017977,0.588772048492,0.702746148911
241,188,83,-1,-1,0.665006676558,0.872422945782,0.676957125983,0.588696497005,0.706211973213
242,188,83,-1,-1,0.66545826415,0.873445818882,0.67807421108,0.588696497005,0.706211973213
243,188,83,-1,-1,0.666103617411,0.874328688233,0.67849184156,0.588664654201,0.707613251806
244,188,83,-1,-1,0.666279642273,0.874727395149,0.678927271481,0.588664654201,0.707613251806
245,188,84,-1,-1,0.666809440725,0.873228304534,0.679661284207,0.588793707469,0.70819404624
246,189,84,-1,-1,0.666310213117,0.873737699319,0.68018860459,0.588762935796,0.705552096179
247,189,84,-1,-1,0.666305714235,0.873727576837,0.68018860459,0.588762935796,0.705539213019
248,189,84,-1,-1,0.666297784771,0.873709735542,0.680180769356,0.588743718967,0.705539213019
249,189,84,-1,-1,0.666304860284,0.873725655445,0.680180769356,0.588743718967,0.705559474714
250,189,84,-1,-1,0.666398862798,0.873937161103,0.680182135472,0.588802727723,0.705785069242
251,189,84,-1,-1,0.666394696705,0.873927787393,0.680182135472,0.588802727723,0.705773139065
252,190,85,-1,-1,0.667191169865,0.87326657339,0.681968401209,0.588802727723,0.705773139065
253,191,86,-1,-1,0.667702729128,0.8720064852,0.681963307469,0.59247957104,0.705773139065
254,192,86,0.595542011369,-1,0.667328137651,0.872009266062,0.68083468426,0.592488968499,0.70579434195
255,192,87,-1,-1,0.668640181644,0.871727026889,0.684064331012,0.592488968499,0.70579434195
256,192,87,-1,-1,0.668647442229,0.871743050249,0.684064331012,0.592488968499,0.705815463652
257,192,87,-1,-1,0.668637967045,0.871722139499,0.684048179159,0.592477314524,0.705815463652
258,192,87,-1,-1,0.668664717655,0.871781175328,0.684114026815,0.592477314524,0.705815463652
259,192,87,-1,-1,0.669023665398,0.872573335864,0.684848210044,0.592505290841,0.705971657766
260,193,87,-1,-1,0.669898801419,0.872570371898,0.689117593152,0.592505357855,0.70297073479
261,194,87,-1,-1,0.669982345245,0.872699353239,0.689116901387,0.594197790211,0.703130820132
262,194,87,-1,-1,0.669984948088,0.87270515728,0.689107082565,0.594223725308,0.703130820132
263,194,87,-1,-1,0.669985095924,0.872705486938,0.689107082565,0.594223725308,0.703131248195
264,194,87,-1,-1,0.669981192402,0.872696782533,0.689111880505,0.594200633011,0.703131248195
265,194,88,-1,-1,0.670837292874,0.871778589303,0.689062041322,0.594214977276,0.705657637433
266,194,88,-1,-1,0.670833326736,0.87176984577,0.689062041322,0.594214977276,0.705646153391
267,194,88,-1,-1,0.670830211856,0.871762978876,0.689049696779,0.594222295391,0.705646153391
268,194,88,-1,-1,0.670839898845,0.871784334283,0.689049328841,0.594261233655,0.705646153391
269,195,89,-1,-1,0.672228430351,0.872568819769,0.692246217623,0.594261233655,0.705646153391
270,195,89,-1,-1,0.672228286696,0.872568505019,0.692246217623,0.594261233655,0.705645735289
271,196,89,0.551029426645,-1,0.671664295021,0.872688240882,0.690493101631,0.59446338736,0.705642503179
272,196,91,-1,-1,0.672821342665,0.86966387271,0.693272203135,0.594180111429,0.705916141069
273,196,92,-1,-1,0.673202036478,0.86835329329,0.693344604217,0.595243971055,0.706165316875
274,196,92,-1,-1,0.673198001131,0.868344696247,0.693344604217,0.595243971055,0.706153511979
275,196,92,-1,-1,0.67319121323,0.868330235067,0.693334466479,0.595233370861,0.706153511979
276,196,92,-1,-1,0.673213600453,0.868377929585,0.693344435898,0.595281965752,0.706171559629
277,196,92,-1,-1,0.673183672413,0.868314169848,0.693344435898,0.595281965752,0.706084008946
278,196,92,-1,-1,0.673177048138,0.86830005726,0.693329351813,0.595280095726,0.706084008946
279,196,92,-1,-1,0.67320945383,0.868369095475,0.693329351813,0.595280095726,0.706178807688
280,197,92,0.604936980523,-1,0.672879324389,0.868404279969,0.692242168294,0.595275279771,0.706225709911
281,197,92,-1,-1,0.672937877602,0.868529660218,0.692244478412,0.595275279771,0.706395081007
282,197,92,-1,-1,0.672964900883,0.868587525287,0.692231480823,0.595275279771,0.706490251022
283,199,92,0.43742200142,-1,0.670916870369,0.869147886743,0.689121584375,0.593092751101,0.706714175069
284,199,93,-1,-1,0.673551879442,0.868117663316,0.691572854571,0.599556945409,0.706716457667
285,200,94,-1,-1,0.674356881984,0.867760585918,0.691572854571,0.604164699183,0.706716457667
286,200,94,-1,-1,0.674716190483,0.868525072085,0.691571594581,0.605567257333,0.706722943537
287,201,95,0.471777422602,-1,0.675524643564,0.867907785267,0.692735830551,0.605567257333,0.707454467113
288,201,95,-1,-1,0.676368309041,0.869692803803,0.694778924056,0.605567257333,0.707454467113
289,201,95,-1,-1,0.677468194425,0.869961601893,0.697289225541,0.605567257333,0.707644346798
290,202,95,0.279419838432,-1,0.676447735764,0.8709454383,0.69231953336,0.605404437614,0.710626500055
291,202,95,-1,-1,0.676450543043,0.870951407463,0.69231953336,0.605404437614,0.710634963793
292,202,95,-1,-1,0.676638250199,0.871119281663,0.692309045484,0.60616517932,0.710634963793
293,202,95,-1,-1,0.676806189354,0.871476373342,0.692292598701,0.606348169151,0.711022616896
294,202,95,-1,-1,0.676821808525,0.87150958463,0.692308039258,0.606245487089,0.711128510191
295,202,95,-1,-1,0.676872058988,0.871616432984,0.692308039258,0.606245487089,0.711280011588
296,202,95,-1,-1,0.677003044204,0.871894948917,0.692338722619,0.606405780586,0.711514439095
297,202,96,-1,-1,0.678680019146,0.871249983194,0.692450086279,0.606373716082,0.716455180597
298,202,96,-1,-1,0.678676891626,0.87124340237,0.692450086279,0.606373716082,0.716445751356
299,202,96,-1,-1,0.678709059284,0.871311088484,0.692436070873,0.606456503241,0.716497288907
300,202,96,-1,-1,0.678724007345,0.871342541696,0.692452145189,0.606466970428,0.716514235762
301,202,96,-1,-1,0.678731873722,0.871359093864,0.692461192959,0.606462049456,0.716530354643
302,203,97,-1,-1,0.679350244656,0.870667362723,0.693776486844,0.606462049456,0.716530354643
303,203,97,-1,-1,0.679355670778,0.870678718423,0.693776486844,0.606462049456,0.716546794985
304,203,97,-1,-1,0.679367787321,0.870704075724,0.693810282421,0.606453952087,0.716546794985
305,203,97,-1,-1,0.679373020175,0.870715026954,0.693810282421,0.606453952087,0.716562649751
306,203,97,-1,-1,0.679349811821,0.870666456895,0.693807675826,0.60644562975,0.716501973691
307,204,97,-1,-1,0.679572847391,0.870731191492,0.691428793478,0.610942610499,0.716595693929
308,204,97,-1,-1,0.679591047274,0.870769467534,0.691442463348,0.610942610499,0.716633562097
309,204,97,-1,-1,0.679596068273,0.87078002716,0.691442463348,0.610942610499,0.716648849914
310,204,97,-1,-1,0.679834699346,0.871122169008,0.691437278725,0.611905877491,0.716648849914
311,204,97,-1,-1,0.679831629679,0.871115713213,0.691437278725,0.611905877491,0.716639503465
312,204,97,-1,-1,0.679828144118,0.871108382755,0.691434384354,0.61189681595,0.716639503465
313,204,97,-1,-1,0.679832365243,0.871117260172,0.691444397255,0.61189681595,0.716639503465
314,206,97,0.468329351641,-1,0.678303579399,0.871177483265,0.691014072154,0.607515605926,0.716738829412
315,208,98,0.4215520402,-1,0.677037625746,0.870271493982,0.688281768485,0.608450816735,0.714935118503
316,208,98,-1,-1,0.677036916249,0.870269988112,0.688279788641,0.608451329253,0.714935118503
317,208,98,-1,-1,0.677276348054,0.870778169903,0.688845718363,0.608451329253,0.714935118503
318,209,99,-1,-1,0.677748765482,0.869820931727,0.689825110184,0.608451329253,0.714935118503
319,209,99,-1,-1,0.677810651735,0.869951580483,0.689821390479,0.608691467331,0.714946561158
320,209,99,-1,-1,0.677792351622,0.869912946911,0.689806187351,0.608603719694,0.714977314568
321,209,99,-1,-1,0.677790408642,0.869908845065,0.689782195596,0.608603719694,0.715002743737
322,210,100,-1,-1,0.678744513451,0.869991280798,0.691875198071,0.608603719694,0.715002743737
323,210,100,-1,-1,0.678745254401,0.869992836794,0.691875198071,0.608603719694,0.715005031967
324,211,101,-1,-1,0.680187051009,0.871111366516,0.691875198071,0.608603719694,0.718888500181
325,211,101,-1,-1,0.68018385362,0.871104686823,0.691875198071,0.608603719694,0.718878722658
326,211,102,-1,-1,0.682405100681,0.871410927708,0.69647943991,0.608869603726,0.71946532258
327,211,102,-1,-1,0.682529183678,0.8716676092,0.696632532867,0.608869603726,0.719645078322
328,211,102,-1,-1,0.682842897777,0.872114893381,0.696850047184,0.609735456992,0.719668165519
329,212,102,0.620726695347,-1,0.682557364726,0.872130414907,0.696015121801,0.609756106379,0.71967344502
330,212,102,-1,-1,0.682554620155,0.872124710503,0.696015121801,0.609756106379,0.719665012424
331,212,103,-1,-1,0.683158427198,0.870682996436,0.69605584928,0.612036585017,0.719747853052
332,212,103,-1,-1,0.683259405155,0.870890834561,0.69605584928,0.612036585017,0.720058104167
333,212,103,-1,-1,0.683263825994,0.870899933763,0.69605584928,0.612036585017,0.720071687033
334,212,103,-1,-1,0.683262853432,0.870897931986,0.69605809858,0.612028683684,0.720071687033
335,213,103,-1,-1,0.683214128046,0.870897931986,0.695806209968,0.612028683684,0.720071687033
336,213,105,-1,-1,0.684768254106,0.870130756959,0.69753235024,0.615172049273,0.720198773047
337,214,105,-1,-1,0.684834762259,0.870130756959,0.697548142161,0.615172049273,0.720198773047
338,214,105,-1,-1,0.684848463792,0.870158681988,0.697548142161,0.615172049273,0.720241267656
339,214,105,-1,-1,0.684847464499,0.870156645334,0.697549488527,0.615165528875,0.720241267656
340,214,105,-1,-1,0.684879583698,0.87022210732,0.697560991169,0.615156994315,0.720331812003
341,214,105,-1,-1,0.684901749183,0.87026728269,0.697632038096,0.615156994315,0.720304798231
342,214,105,-1,-1,0.684900158997,0.870264041739,0.697622373186,0.61517896115,0.72029633825
343,215,106,-1,-1,0.685805780489,0.870352199645,0.699558398788,0.61517896115,0.72029633825
344,215,106,-1,-1,0.685809840115,0.870360433793,0.699558398788,0.61517896115,0.720308987812
345,217,106,-1,-1,0.684558679016,0.870379892296,0.699557676105,0.615163717549,0.715525330704
346,217,106,-1,-1,0.684661063019,0.870589489736,0.699592245185,0.615473207779,0.715565814411
347,217,106,-1,-1,0.684687671693,0.87064396221,0.699602083593,0.615465024941,0.715640107081
348,218,106,-1,-1,0.684864924644,0.870844226845,0.696182062992,0.622113599843,0.715680991497
349,219,107,-1,-1,0.685476613951,0.870358064751,0.696195038124,0.622113599843,0.717096425578
350,219,107,-1,-1,0.685480348964,0.870365709312,0.696195038124,0.622113599843,0.717107786245
351,219,107,-1,-1,0.685567216535,0.870543503686,0.696278254469,0.622129875141,0.717250454714
352,219,107,-1,-1,0.685566041768,0.870541099255,0.696286872622,0.622067369949,0.717280652926
353,220,108,-1,-1,0.685935808401,0.869581595568,0.697022579168,0.622067369949,0.717280652926
354,220,108,-1,-1,0.685939702053,0.869589527081,0.697015545664,0.622082419287,0.717291059235
355,220,108,-1,-1,0.685957671545,0.869626131602,0.697014208086,0.622087409464,0.717344145437
356,222,108,-1,-1,0.684827464586,0.869571664232,0.694481854385,0.625202226643,0.71447180106
357,222,108,-1,-1,0.684865666291,0.86965018996,0.69447759949,0.625317593681,0.714511450613
358,222,108,-1,-1,0.685430914431,0.869624520656,0.69431459263,0.627784081598,0.714690072266
359,222,108,-1,-1,0.685671114712,0.870118265678,0.69431459263,0.62872298171,0.714751738794
360,222,108,-1,-1,0.685611706435,0.869996148665,0.694181589643,0.628717455794,0.714751738794
361,222,108,-1,-1,0.685761751697,0.870019902008,0.694208594554,0.6293076591,0.714751738794
362,223,108,-1,-1,0.686396293983,0.87009439786,0.695748948166,0.627651046977,0.716619453375
363,223,108,-1,-1,0.686470840626,0.870248322872,0.695920328592,0.627651046977,0.716619453375
364,224,108,0.540580148228,-1,0.686203121619,0.870469595726,0.694333684977,0.628821314271,0.716948882993
365,224,108,-1,-1,0.686414798231,0.87048617584,0.694714646365,0.628987716728,0.71696617087
366,224,108,-1,-1,0.686470351887,0.870601398236,0.694714646365,0.628987716728,0.71713663688
367,224,108,-1,-1,0.686459950279,0.870593282599,0.694746005055,0.628960292743,0.717082532217
368,224,108,-1,-1,0.686518276691,0.870714255898,0.694889186579,0.628942053628,0.717082532217
369,226,108,0.633133994849,-1,0.685437776158,0.870754143484,0.694277967565,0.626390547097,0.717127795611
370,226,108,-1,-1,0.685436936123,0.870752385631,0.694277967565,0.626390547097,0.717125194952
371,226,108,-1,-1,0.68566549241,0.871230660826,0.694271320582,0.627286842653,0.717178781424
372,226,108,-1,-1,0.685769518685,0.871344104026,0.694040035053,0.627495325478,0.717660276395
373,226,108,-1,-1,0.685840259786,0.871441515969,0.694050309846,0.627596566196,0.717790458386
374,226,108,-1,-1,0.685840384826,0.871441777629,0.694042856232,0.627610754475,0.717790458386
375,226,108,-1,-1,0.6855753125,0.870887089242,0.693470862694,0.627610754475,0.717745540777
376,226,108,-1,-1,0.685491065878,0.870710795385,0.693278542122,0.627610754475,0.717745540777
377,226,108,-1,-1,0.685618901306,0.870978302854,0.69353158957,0.627712274449,0.717723034348
378,227,109,-1,-1,0.685942468388,0.869951608598,0.693425989029,0.627712274449,0.718423034999
379,228,109,0.46623739637,-1,0.685282887808,0.87058757832,0.691150193591,0.627917646082,0.719215218549
380,228,109,-1,-1,0.6852832379,0.870588310623,0.691150193591,0.627917646082,0.719216297211
381,229,110,-1,-1,0.685624624227,0.869614423315,0.691151176508,0.630367451095,0.719225830904
382,229,111,-1,-1,0.687175771742,0.870684084149,0.693639560829,0.632152828187,0.719336352647
383,229,111,-1,-1,0.687203181902,0.870740633037,0.693647421095,0.632149564387,0.719412979793
384,229,111,-1,-1,0.687606457226,0.8707646102,0.693658813614,0.632151781329,0.720643910409
385,229,111,-1,-1,0.687881012004,0.871331034021,0.693658813614,0.632151781329,0.721493546141
386,230,112,0.860846502502,-1,0.688632128751,0.871235559286,0.695312603577,0.632150804307,0.721493546141
387,230,112,-1,-1,0.688912892592,0.871812127889,0.695954629386,0.632145914796,0.721493546141
388,232,112,0.467888117131,-1,0.687003076693,0.871837254603,0.693722614658,0.632095826161,0.718129822119
389,232,113,-1,-1,0.68680700401,0.870361347026,0.692968813443,0.632674356949,0.718124217693
390,233,113,-1,-1,0.685874977581,0.870645008899,0.693154510195,0.632686952921,0.714596412182
391,233,113,-1,-1,0.685875103762,0.870645269077,0.693154510195,0.632686952921,0.714596799025
392,234,114,0.327288042221,-1,0.685607116134,0.870452637185,0.689461257228,0.632542735762,0.718785594919
393,235,115,-1,-1,0.685751211812,0.869139741215,0.689749798991,0.632542735762,0.718785594919
394,235,115,-1,-1,0.686118293675,0.869889865021,0.689742202095,0.632551503069,0.71992470167
395,235,116,-1,-1,0.687550741086,0.868663448382,0.692974628417,0.632553912342,0.719928916067
396,235,116,-1,-1,0.687545316866,0.868652459659,0.692969755197,0.632583151539,0.719897652477
397,235,117,-1,-1,0.689628638127,0.867866270939,0.69768889553,0.632600826818,0.719868938812
398,235,117,-1,-1,0.690060994953,0.86873467995,0.697929545129,0.632600826818,0.720876521653
399,238,117,0.391517206444,0.391517206444,0.686723397996,0.868746432498,0.692150188617,0.632597405685,0.717914174245
400,238,117,-1,-1,0.686791526904,0.868885019509,0.692303157299,0.632597405685,0.717914174245
401,238,117,-1,-1,0.687169447471,0.869653781004,0.693151695931,0.632597405685,0.717914174245
402,239,118,-1,-1,0.687933594828,0.86965502579,0.694802620882,0.632597405685,0.717914174245
403,240,118,0.521239440586,-1,0.687305035541,0.869789262445,0.69318863781,0.632825725841,0.717966502923
404,241,118,0.416705415549,-1,0.686229362339,0.869885553787,0.690650429161,0.632977339089,0.71800812851
405,242,119,-1,-1,0.68625140608,0.868597479163,0.690634811931,0.633186333516,0.717543556762
406,242,120,-1,-1,0.687932915283,0.868222755526,0.694368070896,0.633186333516,0.717543556762
407,243,121,-1,-1,0.688637348171,0.867011400839,0.694412149347,0.630862856108,0.722046556215
408,243,121,-1,-1,0.688625287862,0.866987180549,0.694412149347,0.630862856108,0.722008983714
409,243,121,-1,-1,0.688625268616,0.866987141898,0.694412149347,0.630862856108,0.722008923755
410,243,121,-1,-1,0.688549602502,0.866835184329,0.694217694973,0.630862856108,0.722044932229
411,243,121,-1,-1,0.688562482913,0.866861051602,0.694217694973,0.630862856108,0.722085059665
412,244,121,0.516078641476,-1,0.68903167655,0.866907752068,0.692596689658,0.635934927277,0.722124837029
413,245,122,-1,-1,0.690180988486,0.86775779591,0.695101342011,0.635934927277,0.722124837029
414,246,122,0.430103612577,-1,0.689120106557,0.867750422316,0.692673173125,0.636018050925,0.722142820144
415,246,122,-1,-1,0.689157188723,0.867825194552,0.692754621454,0.636018050925,0.722142820144
416,247,122,-1,-1,0.689803168488,0.868089461493,0.694868806062,0.635564835111,0.722165137646
417,247,123,-1,-1,0.690535954927,0.866726601655,0.695459634121,0.635663969112,0.723564815461
418,248,125,-1,-1,0.691332446093,0.865203902568,0.696206620928,0.634730876074,0.726421977883
419,249,125,0.543118442977,-1,0.690989534903,0.865706535502,0.695396376589,0.63472931849,0.726439784153
420,250,125,-1,-1,0.690858442116,0.865808586532,0.694958337842,0.63472931849,0.72660332747
421,252,126,-1,-1,0.690267694728,0.864620562622,0.69340853463,0.63472931849,0.726470596412
422,253,127,-1,-1,0.690611632988,0.863932873739,0.694060733259,0.63472931849,0.72657465336
423,254,128,-1,-1,0.690946614971,0.863243531419,0.694698946224,0.63472931849,0.726662823065
424,255,129,0.490470200517,-1,0.691073968707,0.862786260277,0.692977189201,0.634563449015,0.729719919641
425,255,129,-1,-1,0.691164778364,0.862965767739,0.693173430409,0.634563449015,0.729719919641
426,255,129,-1,-1,0.691214566524,0.863064186195,0.693173430409,0.634563449015,0.72988062826
427,255,129,-1,-1,0.691260797784,0.863155573569,0.69318236599,0.63465689676,0.729947901721
428,256,130,-1,-1,0.691374325516,0.862056868367,0.693193281633,0.635952373506,0.730048481806
429,256,130,-1,-1,0.691968552982,0.863227039376,0.693211794816,0.638493690039,0.730048481806
430,256,131,-1,-1,0.693377838899,0.863818184033,0.69626922867,0.638493690039,0.730048481806
431,257,131,0.410943180994,-1,0.692204402495,0.86367208863,0.69332983414,0.638493690039,0.730622195775
432,257,131,-1,-1,0.692474687524,0.864202342466,0.69332983414,0.639671033303,0.730622195775
433,257,131,-1,-1,0.692816280283,0.864872490092,0.694050863825,0.639671033303,0.730647345225
434,258,131,0.656257538439,-1,0.692677747165,0.86487872824,0.693742729424,0.639671033303,0.730647345225
435,258,131,-1,-1,0.692861495459,0.864619204172,0.694199165525,0.639671033303,0.730554113931
436,261,132,-1,-1,0.691613571296,0.86405160713,0.692023204474,0.637176568732,0.731821753037
437,261,132,-1,-1,0.691613464292,0.864051395555,0.692023204474,0.637176568732,0.731821403937
438,261,132,-1,-1,0.691612687065,0.864049858765,0.69202822244,0.637175301559,0.731812228941
439,262,133,0.707763040058,-1,0.691408287,0.862895022869,0.692159233399,0.637175301559,0.730937832822
440,264,133,-1,-1,0.690262160691,0.863040668392,0.692323919973,0.637163286434,0.726047499997
441,266,134,0.261755508486,-1,0.688902465292,0.862249990544,0.688869046491,0.637178793995,0.726342595297
442,266,134,-1,-1,0.689038307918,0.862519648295,0.689131661651,0.637261730209,0.726328815791
443,266,134,-1,-1,0.68903814309,0.862519321098,0.689131661651,0.637261730209,0.726328287545
444,266,135,-1,-1,0.690326380575,0.862122204404,0.691917606132,0.637261730209,0.726328287545
445,267,136,-1,-1,0.69088795777,0.861961507986,0.693113976175,0.637261730209,0.726328287545
446,267,136,-1,-1,0.690877357398,0.861940696963,0.693113976175,0.637261730209,0.726294187555
447,267,136,-1,-1,0.691159861525,0.862495319035,0.693722271352,0.637261730209,0.726294187555
448,267,136,-1,-1,0.693432122646,0.86257301088,0.695990374954,0.64250549624,0.726424584068
449,268,136,0.395927498251,-1,0.692418210702,0.862557349997,0.693595617513,0.642953383647,0.726402713978
450,269,137,-1,-1,0.693172854309,0.862797203946,0.693595617513,0.647092137047,0.726402713978
451,269,137,-1,-1,0.693257067838,0.862962557517,0.693701092301,0.647303280319,0.726361621823
452,269,137,-1,-1,0.69328520885,0.863017812497,0.693701575642,0.647429266162,0.726359505897
453,269,137,-1,-1,0.693303197458,0.863053133195,0.693708122263,0.647470135585,0.726377910393
454,270,138,-1,-1,0.694424771296,0.862532015881,0.693996627893,0.647454997463,0.730155420731
455,270,138,-1,-1,0.694439692407,0.862561209359,0.693996627893,0.647476481963,0.730187910623
456,270,139,-1,-1,0.694874676796,0.861921943993,0.694936194173,0.647476481963,0.730187910623
457,270,139,-1,-1,0.69509094013,0.86234202385,0.694936194173,0.647596166409,0.730802015014
458,270,141,-1,-1,0.696322331398,0.861990242367,0.69494026876,0.650985506485,0.732269813017
459,271,141,0.69077314975,-1,0.69676652486,0.862883331798,0.695906605987,0.650985506485,0.732269813017
460,271,141,-1,-1,0.696754785476,0.86286076887,0.695906605987,0.650985506485,0.732231483225
461,271,141,-1,-1,0.696640348958,0.862640823505,0.695977174343,0.651157028112,0.731622588644
462,271,142,-1,-1,0.69727410025,0.862639970873,0.697249858402,0.651157028112,0.731759798387
463,271,144,-1,-1,0.698128236246,0.861532016303,0.698557629081,0.652253010365,0.7317446279
464,271,144,-1,-1,0.698147502365,0.86156827407,0.698599066529,0.652253010365,0.7317446279
465,272,144,-1,-1,0.698036606001,0.861573327397,0.698606760664,0.652487315443,0.7317446279
466,272,144,-1,-1,0.698070611275,0.861637559581,0.698642557946,0.652487315443,0.731801724007
467,272,144,-1,-1,0.698186750179,0.861856933067,0.698893270501,0.652487315443,0.731801724007
468,272,144,-1,-1,0.698726549055,0.862876553166,0.698906197388,0.652487315443,0.733551079509
469,274,144,-1,-1,0.696915824124,0.863583285912,0.698996309286,0.650038483559,0.729511165384
470,274,144,-1,-1,0.696809561985,0.863381092675,0.698761162889,0.65004680755,0.729510925914
471,274,144,-1,-1,0.696811810138,0.863385370411,0.698767895942,0.650043176758,0.729510925914
472,274,144,-1,-1,0.696812658978,0.863386985564,0.698767895942,0.650043176758,0.729513694747
473,274,144,-1,-1,0.697041757374,0.863822908902,0.698963965046,0.650038523618,0.72997043349
474,275,145,0.719973881889,-1,0.697129008093,0.862838169564,0.699125731177,0.650038379319,0.729988727258
475,276,146,-1,-1,0.697665181559,0.862716763505,0.699125731177,0.653048931484,0.729981448863
476,277,146,-1,-1,0.697576659467,0.862730787639,0.699129468382,0.653048931484,0.729307195782
477,277,146,-1,-1,0.697581490621,0.862739953595,0.699140005623,0.653048931484,0.729307195782
478,278,146,0.602440518386,-1,0.697238545431,0.862738598865,0.698378842914,0.653057109158,0.729307195782
479,278,146,-1,-1,0.697241116127,0.862743493752,0.698378842914,0.653057109158,0.72931560347
480,278,146,-1,-1,0.697782670682,0.863082961477,0.69838689359,0.654614118507,0.729884027848
481,278,146,-1,-1,0.697928283113,0.863360223503,0.698487069707,0.654614118507,0.730209412706
482,278,146,-1,-1,0.698014824514,0.863525007814,0.698491496525,0.654620491614,0.730480914173
483,278,146,-1,-1,0.698029865165,0.863553646862,0.698601380313,0.654620491614,0.730364633892
484,278,146,-1,-1,0.698467990777,0.863613447165,0.698644780938,0.656360000473,0.730401993472
485,278,146,-1,-1,0.698509109408,0.863691741545,0.698734970953,0.656360493025,0.730400283373
486,278,147,-1,-1,0.700695483404,0.863274191093,0.698744463782,0.662129031302,0.733125482206
487,278,147,-1,-1,0.700763519679,0.863402858335,0.698833707768,0.662129031302,0.733213609904
488,281,147,0.418471503659,-1,0.697149258886,0.863513351628,0.696708361024,0.657409254117,0.728308748873
489,281,147,-1,-1,0.697148579868,0.863512053642,0.696708361024,0.657409254117,0.728306530223
490,281,147,-1,-1,0.697173906974,0.863560468042,0.696763530921,0.657409254117,0.728306530223
491,283,148,-1,-1,0.696846974592,0.862758120011,0.696760776826,0.658657829846,0.726384816082
492,283,148,-1,-1,0.697340908537,0.862796541523,0.697800287856,0.658706189758,0.726412934124
493,284,148,-1,-1,0.696050744252,0.862773529977,0.69778900528,0.658683585205,0.721952607701
494,284,149,-1,-1,0.696540845815,0.861849115482,0.697804690553,0.658767173298,0.723447664991
495,284,151,-1,-1,0.69798976606,0.86042817169,0.697830375753,0.662958903334,0.72489464279
496,285,152,-1,-1,0.699915291643,0.859752011955,0.69783715965,0.661455104307,0.732680879891
497,285,153,-1,-1,0.700913956628,0.859401952529,0.697839288474,0.66088249134,0.736354545622
498,286,153,-1,-1,0.700741766632,0.859548990831,0.697953919437,0.660422900997,0.736442153189
499,286,153,-1,-1,0.700896211209,0.859837691151,0.698313401558,0.66042990233,0.736411640274
500,286,153,-1,-1,0.701051345803,0.860127681307,0.698657343371,0.66042990233,0.736411640274
501,287,154,-1,-1,0.701482052501,0.859897398754,0.698819699122,0.662264411386,0.73658067141
502,288,154,-1,-1,0.7013135711,0.860065592947,0.698986345343,0.661780956314,0.736620704879
503,288,154,-1,-1,0.701278699644,0.860000378796,0.69890849279,0.661780956314,0.736620704879
504,289,155,-1,-1,0.701990127078,0.860302835887,0.69891021235,0.665105023949,0.736683722818
505,290,155,0.593942017926,-1,0.701614978709,0.860298029966,0.698105861304,0.665095220336,0.736678704454
506,290,155,-1,-1,0.701671715665,0.86040418298,0.698171697568,0.665204834873,0.736678735775
507,290,155,-1,-1,0.701670037191,0.860401042609,0.698171697568,0.665204834873,0.73667320444
508,291,156,-1,-1,0.70201809609,0.86003279988,0.698948087367,0.665204834873,0.736708163708
509,291,158,-1,-1,0.704228769439,0.858690813913,0.701336001634,0.669784860278,0.736716429006
510,291,158,-1,-1,0.70422828433,0.858689920454,0.701339301609,0.669799018992,0.736698327977
511,291,159,-1,-1,0.704582923422,0.858159147458,0.701380099443,0.669799018992,0.737810321834
512,291,159,-1,-1,0.704653302483,0.858287954418,0.701487269678,0.669914181903,0.737789290883
513,292,159,0.506649428818,-1,0.7041731548,0.858651481149,0.700030920851,0.669901644173,0.738426832599
514,292,159,-1,-1,0.705090162744,0.858954329118,0.700070682673,0.672951831571,0.738914381083
515,292,159,-1,-1,0.70515030329,0.859064775907,0.700141610161,0.673082044745,0.738901009066
516,292,159,-1,-1,0.705341599023,0.859416086309,0.700228947864,0.673082044745,0.739404756533
517,292,159,-1,-1,0.705298871521,0.859337618192,0.700134809698,0.673082751467,0.739403607934
518,292,159,-1,-1,0.705389451329,0.859503966016,0.700215830202,0.673075176957,0.739588834778
519,293,160,-1,-1,0.706115675329,0.858588653172,0.701472314265,0.673075176957,0.739731849974
520,293,160,-1,-1,0.706124482233,0.858604780814,0.701493501869,0.67311702763,0.739695562451
521,294,160,0.532266827781,-1,0.705530330879,0.858599638041,0.700222822047,0.673115718537,0.739684833837
522,294,160,-1,-1,0.705537866684,0.858613485084,0.700233290616,0.673114602718,0.739694986039
523,294,160,-1,-1,0.705545724515,0.858627923847,0.700119164329,0.673357505472,0.739694986039
524,294,160,-1,-1,0.705464896304,0.85847940201,0.699940491442,0.673357505472,0.739694986039
525,294,160,-1,-1,0.705471071914,0.858490749694,0.699947961742,0.673357505472,0.739704222888
526,294,160,-1,-1,0.705437285909,0.858428667908,0.699873276888,0.673357505472,0.739704222888
527,294,160,-1,-1,0.705630411183,0.8587835356,0.699932141676,0.673357505472,0.740254220795
528,294,160,-1,-1,0.705618859936,0.858762310183,0.699903293611,0.673361031521,0.740256320239
529,294,160,-1,-1,0.705666368167,0.858849606558,0.700011232991,0.67336294738,0.740250404964
530,294,160,-1,-1,0.705533701846,0.858605832194,0.699916354993,0.673366729505,0.739950883196
531,294,160,-1,-1,0.7055911225,0.858711342645,0.699992027685,0.673369403237,0.740025317975
532,295,160,-1,-1,0.705501092474,0.858881315835,0.700166890226,0.673370164461,0.739088600429
533,296,161,-1,-1,0.706535186287,0.859273563867,0.700172176912,0.672580073555,0.743479669358
534,297,161,-1,-1,0.706404029593,0.859329378331,0.700170551071,0.675306714312,0.740460696175
535,297,161,-1,-1,0.706417318961,0.8593538935,0.700201179985,0.67530497865,0.740460696175
536,297,161,-1,-1,0.706411171266,0.859342552722,0.700187451674,0.67530497865,0.740460696175
537,297,161,-1,-1,0.706593339541,0.859678602273,0.700599984307,0.675294528479,0.740460696175
538,297,161,-1,-1,0.706691607308,0.859859878837,0.700801459482,0.675289568949,0.740490931058
539,297,161,-1,-1,0.706720196196,0.859912617345,0.700834621716,0.675289568949,0.740535769768
540,297,161,-1,-1,0.706707198189,0.859888639655,0.700802113598,0.675298014018,0.740534084949
541,298,161,-1,-1,0.706681932332,0.859888511168,0.700806062732,0.675290535646,0.740084786841
542,298,162,-1,-1,0.707791221769,0.859963739303,0.701175848278,0.677845877343,0.741115730655
543,299,162,-1,-1,0.707204394856,0.860081648757,0.701203049189,0.677993114081,0.738716249376
544,299,162,-1,-1,0.707258502734,0.859888740458,0.700912833793,0.678088339194,0.739230501739
545,299,162,-1,-1,0.70731383325,0.859990862831,0.700984114708,0.678086218567,0.739308117529
546,299,162,-1,-1,0.70770939814,0.859996701474,0.700988992308,0.678074781611,0.740581881821
547,299,163,-1,-1,0.708663431145,0.859334494293,0.701007222556,0.678354138698,0.743403797714
548,301,164,0.485774525304,-1,0.707032785355,0.858890440359,0.699397950884,0.673647609207,0.744598063355
549,302,164,-1,-1,0.706373402378,0.859176284338,0.697632193573,0.67413645759,0.744713156174
550,304,164,-1,-1,0.705317656697,0.859175058989,0.69646452222,0.672523600626,0.744710995344
551,308,164,0.342156988509,-1,0.700746777857,0.859331850391,0.693876547753,0.658770729729,0.746073157194
552,309,165,-1,-1,0.701359133419,0.859517503702,0.69387586857,0.661638287689,0.746124231237
553,310,165,0.315619775576,-1,0.700809995769,0.860137698755,0.691141996174,0.663070876328,0.74721402136
554,311,165,-1,-1,0.700496405383,0.860561808356,0.690006480385,0.663448368422,0.747645808551
555,312,165,0.585542669349,-1,0.700315748474,0.860916891874,0.689260910757,0.663458725012,0.748266094001
556,312,166,-1,-1,0.700970023185,0.860879180071,0.690717725944,0.66346069596,0.748266350761
557,313,166,0.381346111037,-1,0.69996011137,0.86090039401,0.688523897076,0.66346017056,0.748304213944
558,315,167,0.562260771208,0.562260771208,0.69991998931,0.860393839037,0.687059899181,0.663489422444,0.750640501901
559,315,167,-1,-1,0.699919723647,0.860393337936,0.687059881536,0.663488395093,0.750640501901
560,315,167,-1,-1,0.700462299357,0.860169861085,0.688664772168,0.663472236228,0.750024249627
561,315,168,-1,-1,0.700575005722,0.859385337683,0.688833859464,0.663472236228,0.750146002548
562,315,168,-1,-1,0.700981490101,0.859389830814,0.689725481699,0.663471123328,0.750152760816
563,315,168,-1,-1,0.700990938504,0.859407546569,0.689746294614,0.663471123328,0.750152760816
564,316,168,-1,-1,0.700814507294,0.859451460069,0.689745099174,0.663470605987,0.749038906915
565,316,168,-1,-1,0.700854622112,0.859526914133,0.689745099174,0.663667481894,0.749008301446
566,316,168,-1,-1,0.700860991895,0.859538895392,0.689759175059,0.663667481894,0.749008301446
567,316,168,-1,-1,0.700908651691,0.859628541197,0.689759175059,0.663792801932,0.749063197321
568,317,168,0.510006788934,-1,0.700307835116,0.859631178154,0.68850146589,0.663800227964,0.749076113134
569,318,168,0.588862166442,-1,0.700417918118,0.860502916625,0.687814126786,0.663792185255,0.750641137685
570,318,168,-1,-1,0.700672642657,0.860991770588,0.687681066248,0.663933339132,0.751589489018
571,320,168,-1,-1,0.698822814859,0.861151907703,0.688189302444,0.66500678324,0.742711625254
572,320,169,-1,-1,0.699042961505,0.860339507238,0.688431565297,0.665412918894,0.742745313757
573,320,169,-1,-1,0.699055939236,0.860364080457,0.688445137294,0.66543718573,0.742748103908
574,320,169,-1,-1,0.69907992948,0.860409505772,0.688445137294,0.66543718573,0.742828071389
575,320,169,-1,-1,0.699028907007,0.860312895172,0.688325924833,0.66543718573,0.742838056965
576,320,169,-1,-1,0.699377833569,0.860381537744,0.688381598416,0.665464680679,0.743894429146
577,320,169,-1,-1,0.699379661706,0.860384999305,0.688381598416,0.665464680679,0.743900522935
578,320,169,-1,-1,0.699526289603,0.860662637927,0.688385512024,0.666051433263,0.743900522935
579,320,169,-1,-1,0.699525984741,0.860662060674,0.688385512024,0.666051433263,0.743899506729
580,320,169,-1,-1,0.700097089109,0.860657361366,0.689652177811,0.666050225151,0.743890989013
581,320,170,-1,-1,0.700443984477,0.860319305964,0.690417740003,0.666050225151,0.743890989013
582,320,170,-1,-1,0.700442879767,0.86031722651,0.690417740003,0.666045750376,0.743890989013
583,320,171,-1,-1,0.701161794117,0.859918147599,0.692004309602,0.666045750376,0.743890989013
584,320,172,-1,-1,0.701762081659,0.860013498709,0.691939703341,0.667451383314,0.744832811091
585,320,172,-1,-1,0.701845106171,0.860167962916,0.691936531235,0.667796252815,0.744830551803
586,320,172,-1,-1,0.701999464701,0.860455141577,0.692216899902,0.667816780657,0.744904714026
587,321,172,0.323078346298,-1,0.700851244644,0.860515272276,0.689746224049,0.667816780657,0.744924741123
588,321,172,-1,-1,0.700894500058,0.86059599895,0.689857711326,0.667816780657,0.744899822846
589,322,173,-1,-1,0.700793363487,0.860263435969,0.689928267338,0.669169305993,0.74290268905
590,323,174,-1,-1,0.701288392694,0.860265874829,0.691089896795,0.669169305993,0.74290268905
591,323,174,-1,-1,0.701303720876,0.860294328867,0.691123577085,0.669169305993,0.74290268905
592,323,174,-1,-1,0.701908861608,0.861417664823,0.691053263243,0.669169305993,0.745024303393
593,323,174,-1,-1,0.701914246208,0.861427660375,0.691056728789,0.669173365716,0.745033675275
594,323,174,-1,-1,0.702030799916,0.861644021569,0.691312829794,0.669173365716,0.745033675275
595,323,175,-1,-1,0.703697994415,0.861315930597,0.691292887697,0.669404196288,0.750427486576
596,323,177,-1,-1,0.704565467882,0.859518277381,0.691467831703,0.66928301231,0.753149658692
597,323,177,-1,-1,0.704565290586,0.85951795384,0.691478009543,0.66927056199,0.753143784114
598,323,177,-1,-1,0.70459134734,0.859565503735,0.691415892856,0.66947693479,0.7531566092
599,325,177,0.354611134907,-1,0.702434143549,0.859547438233,0.689132628852,0.669605764903,0.748985838327
600,325,178,-1,-1,0.703843022246,0.859283108307,0.692226450315,0.669605764903,0.748985838327
601,326,178,-1,-1,0.703007361746,0.859351117926,0.690394809622,0.669605764903,0.749109366002
602,326,178,-1,-1,0.702961076655,0.859266348601,0.690394809622,0.669414765664,0.749109366002
603,327,179,-1,-1,0.703345164544,0.859094792556,0.690394809622,0.671404053799,0.749109366002
604,327,179,-1,-1,0.703621658995,0.859599896945,0.690717709194,0.671936174175,0.749106631505
605,327,179,-1,-1,0.703597188335,0.85955519356,0.690664005128,0.671936174175,0.749106631505
606,327,180,-1,-1,0.704149996867,0.858736906456,0.691453589066,0.672708845223,0.749119965171
607,327,180,-1,-1,0.704836249065,0.858737031305,0.692960871868,0.67270233854,0.749123433192
608,328,180,0.469513826157,-1,0.704105979693,0.858713665019,0.691529954033,0.672708332164,0.748985731235
609,329,182,0.863535024939,-1,0.705586848881,0.85840266743,0.694839768527,0.672708332164,0.748985731235
610,329,182,-1,-1,0.705582897389,0.858395524348,0.694837567042,0.672721036969,0.748965486326
611,329,182,-1,-1,0.705561009694,0.858355958131,0.69478987796,0.672721036969,0.748965486326
612,329,182,-1,-1,0.70588174816,0.858935754588,0.695488705477,0.672721036969,0.748965486326
613,330,183,0.330068690433,-1,0.705393208012,0.858183341927,0.694503616982,0.672770420908,0.748914032551
614,330,183,-1,-1,0.705454986716,0.858294746148,0.694819213833,0.672410295711,0.748926545477
615,331,183,0.676869166858,-1,0.705375038132,0.858306346358,0.69471808801,0.672410295711,0.748922923461
616,332,184,-1,-1,0.706168042795,0.858906054184,0.696496883454,0.672410295711,0.748922923461
617,335,185,0.400989444074,0.400989444074,0.703491433958,0.857885379482,0.692350843324,0.668349079704,0.750271666954
618,335,185,-1,-1,0.703537382457,0.85796858352,0.692350843324,0.668418732225,0.75037116586
619,335,185,-1,-1,0.703552222583,0.857995456182,0.692346855279,0.668443508846,0.750407764545
620,335,185,-1,-1,0.703569889961,0.85802744846,0.692344567905,0.668520982943,0.750407764545
621,336,185,0.396814742083,-1,0.702678106334,0.858065912509,0.690458306884,0.66855774544,0.750456246599
622,336,185,-1,-1,0.702681303002,0.85807171835,0.690465148162,0.66855774544,0.750456246599
623,338,186,-1,-1,0.702397100992,0.85751332142,0.690465148162,0.668549753512,0.748546618393
624,338,186,-1,-1,0.702399233023,0.857517195757,0.690469738141,0.668549753512,0.748546618393
625,339,186,0.653543343674,-1,0.702250045909,0.857507956281,0.690237768765,0.668547346649,0.748528630196
626,339,187,-1,-1,0.703191941258,0.857587164018,0.690240932792,0.668546481957,0.751717356667
627,339,187,-1,-1,0.703211447076,0.857622524835,0.690240932792,0.668661097611,0.751690642714
628,344,187,0.308413278552,0.308413278552,0.69794674087,0.857618602753,0.685471705599,0.66471715805,0.744229401993
629,346,187,-1,-1,0.697325206804,0.858188835542,0.685472502688,0.666016011678,0.74024623237
630,346,187,-1,-1,0.697912174341,0.85820921656,0.686731526254,0.665979796526,0.740290623136
631,347,187,-1,-1,0.697414320405,0.858405950667,0.686734715895,0.662177096653,0.741966496301
632,347,187,-1,-1,0.697431604732,0.858438023723,0.686734715895,0.662177096653,0.742024166123
633,347,187,-1,-1,0.697449965288,0.858472093846,0.686734715895,0.662177096653,0.742085426824
634,347,187,-1,-1,0.697432013094,0.858438781485,0.686734715895,0.662177096653,0.742025528637
635,347,187,-1,-1,0.697429523962,0.858434162614,0.68672931759,0.662177096653,0.742025528637
636,347,187,-1,-1,0.697427595333,0.858430583821,0.68672931759,0.662201485901,0.741999629196
637,347,187,-1,-1,0.697471354008,0.858511783074,0.686678439335,0.66251387216,0.741974597671
638,347,187,-1,-1,0.697466244697,0.85850230216,0.686667358517,0.66251387216,0.741974597671
639,347,187,-1,-1,0.697485550919,0.858538127074,0.686667358517,0.66251387216,0.742039013624
640,347,187,-1,-1,0.697500233611,0.858565372497,0.686667358517,0.662571818761,0.742041757145
641,347,187,-1,-1,0.6975630519,0.858681939056,0.686776650793,0.662652666984,0.742018687718
642,347,187,-1,-1,0.697563666278,0.858683079105,0.686776650793,0.662652666984,0.742020737615
643,347,187,-1,-1,0.697567143563,0.858689531607,0.686784192155,0.662652666984,0.742020737615
644,347,187,-1,-1,0.697620639002,0.858788798544,0.686784192155,0.662693888318,0.742166329408
645,347,187,-1,-1,0.697665393873,0.858871846354,0.686841005868,0.662749215163,0.742184094968
646,348,187,0.312450230257,-1,0.696641875996,0.859027092035,0.684636116756,0.662814395248,0.742224646571
647,348,187,-1,-1,0.69769724656,0.860175657209,0.684636116756,0.663029254328,0.745584604769
648,348,187,-1,-1,0.698192352044,0.860609777647,0.685203450483,0.66321673451,0.746213404031
649,348,188,-1,-1,0.698715494848,0.86032182768,0.686334218781,0.66321673451,0.746213404031
650,348,189,-1,-1,0.700002016872,0.861553826602,0.688088246092,0.66321673451,0.747802935446
651,348,190,-1,-1,0.701047594951,0.861792909695,0.690214665007,0.66321673451,0.748009740505
652,348,191,-1,-1,0.702302638002,0.86194158989,0.69292742887,0.66321673451,0.748009740505
653,348,191,-1,-1,0.702855417952,0.86294874917,0.694122257581,0.66321673451,0.748009740505
654,349,191,-1,-1,0.702335867541,0.862942096746,0.693064730914,0.66321673451,0.747997523071
655,349,192,-1,-1,0.702597121844,0.862564150464,0.693067201452,0.663214181571,0.748872421326
656,349,193,-1,-1,0.703104264357,0.862341498637,0.694162332727,0.663211625641,0.748870436832
657,349,193,-1,-1,0.703177823824,0.862474515498,0.694262994101,0.66320262826,0.748967666583
658,349,193,-1,-1,0.703287184688,0.862672271672,0.694262994101,0.663662470931,0.748967666583
659,350,193,-1,-1,0.703110841546,0.863113822563,0.694789039298,0.663662470931,0.747133191309
660,350,193,-1,-1,0.703204733066,0.863284092159,0.694979943166,0.663695418416,0.747125581444
661,350,193,-1,-1,0.703403887005,0.863645252153,0.694659369989,0.665071993927,0.74719587636
662,351,193,-1,-1,0.703641884246,0.863681466163,0.69466218176,0.663646160028,0.749492861741
663,351,193,-1,-1,0.703736771844,0.863854033765,0.694857790968,0.663657321757,0.74949933098
664,351,193,-1,-1,0.703736107913,0.863852826305,0.69485646497,0.66366144692,0.749495857249
665,351,193,-1,-1,0.703744294979,0.863867715735,0.69485646497,0.66366144692,0.749523225439
666,351,193,-1,-1,0.703779775535,0.863932242549,0.694856869627,0.663666600147,0.749637084961
667,352,194,-1,-1,0.704551729983,0.864507373987,0.696578654116,0.663666600147,0.749637084961
668,352,194,-1,-1,0.704577776047,0.864554632825,0.696634900831,0.663666600147,0.749637084961
669,353,194,0.635085394567,-1,0.704403375258,0.864595503458,0.696284478293,0.663665235182,0.749674831151
670,353,194,-1,-1,0.704439611174,0.864661437883,0.696324803335,0.663665235182,0.749733668976
671,353,194,-1,-1,0.704439338126,0.864660941048,0.696324803335,0.663665235182,0.749732751014
672,354,194,0.648948665066,-1,0.704274154028,0.86464555704,0.696040868256,0.6636619988,0.749701898711
673,355,194,0.676665824581,-1,0.704198731751,0.864649853025,0.695925029864,0.663652987316,0.749715655998
674,356,194,0.365654153736,-1,0.703297402649,0.864740942805,0.693948450007,0.663928933783,0.749661464322
675,356,194,-1,-1,0.703298077651,0.864742181469,0.693948132123,0.663932426491,0.749661464322
676,356,194,-1,-1,0.703297649458,0.864741395714,0.693947572141,0.66393172507,0.749661464322
677,356,194,-1,-1,0.70358953454,0.865277019884,0.693940284319,0.663935320029,0.75065980888
678,357,194,0.683465782846,-1,0.703531206177,0.865273414348,0.693876798466,0.663929519699,0.750659607696
679,357,194,-1,-1,0.703531437803,0.865273840588,0.693876798466,0.663929519699,0.750660395225
680,357,195,-1,-1,0.70470141567,0.864853647828,0.696353132753,0.663926875737,0.750678300285
681,358,196,0.730774164036,-1,0.704770028389,0.864161867835,0.696555507684,0.663927334559,0.750665650113
682,359,197,-1,-1,0.704862368601,0.863521047005,0.69658020027,0.663927334559,0.750506041311
683,359,197,-1,-1,0.705365410927,0.863521082724,0.697639577686,0.663979376749,0.750479492894
684,359,198,-1,-1,0.70631337557,0.86390081681,0.697832455601,0.664007483158,0.75336026649
685,359,198,-1,-1,0.706314035498,0.863902013344,0.697832455601,0.664007483158,0.753362501526
686,359,198,-1,-1,0.706386454222,0.864033318002,0.697974151043,0.664007970836,0.753381471598
687,359,198,-1,-1,0.706386837736,0.864034013363,0.697975602173,0.664006690364,0.753381471598
688,359,198,-1,-1,0.706386949494,0.864034215995,0.697975602173,0.664006690364,0.753381850099
689,360,198,0.61977339328,-1,0.706144763314,0.864031319688,0.69750907938,0.66401281894,0.753382023654
690,360,198,-1,-1,0.706171744843,0.864080377014,0.69750789246,0.664016644497,0.753472531014
691,360,198,-1,-1,0.706168647795,0.864038212969,0.697484822564,0.664087876481,0.753442563641
692,360,198,-1,-1,0.706168348471,0.864037668743,0.697481792911,0.664092725103,0.753442563641
693,360,198,-1,-1,0.706169672763,0.864040076548,0.697483149638,0.664222198231,0.75334228401
694,360,198,-1,-1,0.706189815855,0.864076700351,0.697483149638,0.664218088922,0.753413950943
695,360,198,-1,-1,0.70618808763,0.864073558123,0.697485071478,0.664216808849,0.753406013699
696,361,198,0.535007492244,-1,0.705715972832,0.864077331625,0.696535761735,0.664215408729,0.753412798137
697,361,198,-1,-1,0.70577300236,0.864181309704,0.696671569625,0.664184033854,0.753412798137
698,361,198,-1,-1,0.705798558447,0.864227904388,0.696803421173,0.664025452098,0.753412798137
699,361,199,-1,-1,0.706409476948,0.864184683629,0.698029663981,0.664025452098,0.753515194917
700,361,199,-1,-1,0.706452324981,0.864262412975,0.698032030811,0.664028419845,0.753654950778
701,361,199,-1,-1,0.706559090825,0.864456093727,0.698271715811,0.66403598765,0.753625900203
702,361,199,-1,-1,0.706557879519,0.864453896334,0.698271715811,0.66403598765,0.753621774908
703,362,199,-1,-1,0.706377429351,0.864453896334,0.697940106524,0.66403598765,0.753621774908
704,362,200,-1,-1,0.706841491792,0.864177754463,0.698907899613,0.66403536151,0.753636706871
705,363,200,0.665214242007,-1,0.706726965756,0.864178025957,0.698713177003,0.664034199811,0.753638077017
706,364,201,-1,-1,0.707201784679,0.863895357856,0.698709556508,0.666574733629,0.75364003763
707,365,201,-1,-1,0.706728226495,0.864205754754,0.698713791423,0.664311809648,0.754221708725
708,365,201,-1,-1,0.706741840805,0.864230477256,0.698713670627,0.664317891066,0.754263851355
709,365,201,-1,-1,0.706910015932,0.8645358699,0.698686235974,0.664318258553,0.754887422229
710,366,201,0.466963656518,-1,0.706239615694,0.864508904091,0.697353640071,0.664346386664,0.754814874705
711,367,201,-1,-1,0.705709430588,0.864504422552,0.696297690534,0.664345772725,0.754806874793
712,367,201,-1,-1,0.705710941656,0.864507181566,0.696297690534,0.664345772725,0.754812106508
713,367,202,-1,-1,0.706381763673,0.863983651714,0.697680637222,0.66439004343,0.754815585086
714,367,202,-1,-1,0.70638152634,0.863983220519,0.697680637222,0.66439004343,0.754814763375
715,367,202,-1,-1,0.706380622591,0.863981578559,0.697680637222,0.66439004343,0.754811634358
716,367,202,-1,-1,0.706384089366,0.863987877107,0.697678516192,0.664408639424,0.754812051637
717,368,203,0.588468309599,-1,0.706761096564,0.863736716093,0.697061207235,0.664408639424,0.757228000676
718,368,204,-1,-1,0.707407951854,0.863292174539,0.698414240999,0.664408639424,0.75722714034
719,369,204,-1,-1,0.707401034584,0.863460857822,0.698462845036,0.664501325145,0.757451941016
720,369,204,-1,-1,0.707405632876,0.86346917532,0.698468150218,0.664504044813,0.757456907492
721,369,204,-1,-1,0.707405401516,0.863468756831,0.698468150218,0.664504044813,0.757456102098
722,369,204,-1,-1,0.707405462297,0.863468866773,0.698468150218,0.664504044813,0.757456313684
723,370,204,-1,-1,0.706875614092,0.863497971681,0.697377506573,0.664504044813,0.757512326903
724,370,204,-1,-1,0.706875388445,0.86349756242,0.697377506573,0.664504044813,0.757511539269
725,371,204,-1,-1,0.706679917331,0.863520152259,0.697377506573,0.664109081554,0.757555014054
726,371,204,-1,-1,0.706717586397,0.863588658257,0.697457414816,0.664107166378,0.757555014054
727,371,204,-1,-1,0.706718917377,0.863591078813,0.697458892609,0.664109805289,0.757555014054
728,373,205,-1,-1,0.705989939763,0.863144975438,0.695615804998,0.664109805289,0.757691321277
729,375,205,0.37271799267,0.37271799267,0.704227024559,0.863171564182,0.69202768605,0.664115423174,0.757738256833
730,375,205,-1,-1,0.704225806118,0.863169335327,0.69202768605,0.664115423174,0.757733986596
731,375,205,-1,-1,0.704225842642,0.86316940214,0.69202768605,0.664115423174,0.757734114602
732,376,205,0.674076611707,-1,0.704719606177,0.863504526545,0.692735911602,0.66485095644,0.7577802594
733,377,206,-1,-1,0.70486836903,0.863005976424,0.692738334846,0.664853635633,0.757802005382
734,377,206,-1,-1,0.704870405826,0.863009703959,0.692738334846,0.664853635633,0.757809115309
735,377,206,-1,-1,0.704886855245,0.863039807993,0.692752206906,0.664895574136,0.757809115309
736,377,206,-1,-1,0.704883878889,0.863034360973,0.692751560129,0.664897190237,0.75779849275
737,377,206,-1,-1,0.704882786156,0.863032361165,0.692751560129,0.664897190237,0.757794678301
738,377,207,-1,-1,0.705662154601,0.862973436202,0.692751560129,0.664897190237,0.760515251483
739,377,207,-1,-1,0.705661282104,0.862971847163,0.692751560129,0.664897190237,0.760512205825
740,377,207,-1,-1,0.705698473983,0.863039583097,0.69275351795,0.665019982372,0.760538699018
741,378,208,-1,-1,0.705775708871,0.862423495013,0.692969671506,0.665019982372,0.760564623061
742,379,209,-1,-1,0.705905810949,0.861909910808,0.693049108039,0.665019982372,0.761005158608
743,379,209,-1,-1,0.705904282985,0.861907140004,0.693049108039,0.665019982372,0.760999796589
744,379,210,-1,-1,0.706393815742,0.861679414019,0.694059102978,0.66501420381,0.761011022092
745,380,211,-1,-1,0.706167886532,0.861241277685,0.694588035371,0.665212704413,0.758674022212
746,380,211,-1,-1,0.706167774612,0.861241076122,0.694588035371,0.665212704413,0.75867363203
747,380,211,-1,-1,0.706194151115,0.861288578829,0.694632490969,0.665213192685,0.758690556148
748,381,211,-1,-1,0.705454852804,0.861288101968,0.693165043258,0.665213192685,0.75868963305
749,381,211,-1,-1,0.705566447663,0.861489607377,0.69338588423,0.665218082959,0.758702959273
750,382,212,-1,-1,0.705472327195,0.861231284683,0.693389976274,0.663663507204,0.760005699202
751,382,212,-1,-1,0.705880452345,0.861232188006,0.694236238789,0.663663507204,0.760007456124
752,383,213,0.449516549955,-1,0.705763768417,0.860759858401,0.693168285493,0.663984017726,0.761255164313
753,383,213,-1,-1,0.705768313856,0.860768031654,0.693203239296,0.663984017726,0.761211810637
754,383,213,-1,-1,0.705952804126,0.861099767679,0.693585184017,0.663984017726,0.761211810637
755,384,214,0.348077894595,-1,0.705172273229,0.860563131371,0.691739741848,0.663987983809,0.761721379606
756,385,214,-1,-1,0.704813478382,0.860906783484,0.691753910898,0.662870944265,0.761730062076
757,385,214,-1,-1,0.704859602706,0.86098976416,0.691756005341,0.662870944265,0.761889404261
758,385,214,-1,-1,0.704856541433,0.86098425673,0.691756333381,0.662873606936,0.761875833197
759,385,214,-1,-1,0.704856469117,0.86098412663,0.691756712169,0.662872514758,0.761875833197
760,387,214,-1,-1,0.704211404053,0.861481729182,0.691760010483,0.662279451091,0.759954739723
761,387,214,-1,-1,0.704262791624,0.861574659041,0.691961744285,0.662090176356,0.759950998845
762,387,214,-1,-1,0.704243633731,0.861540013692,0.691909500724,0.662115486222,0.759950998845
763,388,214,-1,-1,0.704027025771,0.86189932494,0.691114835686,0.662140925864,0.760628977022
764,388,216,-1,-1,0.704311776576,0.860666892423,0.691364583227,0.66282177253,0.76064555407
765,388,216,-1,-1,0.704332428172,0.860703988808,0.691364583227,0.662845546085,0.760698730667
766,388,216,-1,-1,0.704672816616,0.861315427311,0.691845525977,0.66296696878,0.760981321184
767,388,216,-1,-1,0.704677056423,0.861323043259,0.691856513048,0.66296696878,0.760977598118
768,388,217,-1,-1,0.705043275474,0.861190104793,0.691860297809,0.664153398705,0.761281417377
769,388,217,-1,-1,0.705045115073,0.861193394029,0.691857478971,0.664154750476,0.761291579884
770,388,217,-1,-1,0.705045188228,0.861193524832,0.691856510576,0.66415402676,0.761294082906
771,388,217,-1,-1,0.705071690104,0.861240910675,0.691856510576,0.664152767915,0.761388603657
772,388,217,-1,-1,0.705086169834,0.8612668007,0.691871291293,0.664152010419,0.761415177054
773,388,217,-1,-1,0.705086756781,0.861267850172,0.691871291293,0.664152010419,0.761417247376
774,389,218,-1,-1,0.705785889869,0.861798958785,0.691871291293,0.664152010419,0.763359880534
775,391,219,0.346205212926,-1,0.704453044205,0.861304854655,0.690022572135,0.661579357939,0.764428790923
776,392,219,-1,-1,0.7047834809,0.861269087311,0.691514884716,0.661578441458,0.76254562118
777,392,219,-1,-1,0.704991802101,0.861641972748,0.691523371724,0.662161758952,0.76278134568
778,392,219,-1,-1,0.705001570064,0.861659456955,0.691523371724,0.662137935924,0.762835102464
779,394,219,0.349693716625,-1,0.703675735943,0.86192859222,0.689711694203,0.660168963378,0.763366215743
780,394,219,-1,-1,0.703680286648,0.861936779333,0.689714592356,0.660191118376,0.763358937278
781,394,219,-1,-1,0.703676032977,0.861929126609,0.689714915368,0.660183164096,0.763350033281
782,394,219,-1,-1,0.703675665833,0.861928466086,0.689714915368,0.660183164096,0.763348741722
783,394,219,-1,-1,0.703690908192,0.861955888411,0.689714915368,0.660183164096,0.763402362163
784,394,219,-1,-1,0.703691210215,0.861956431777,0.689714915368,0.660183164096,0.763403424637
785,394,219,-1,-1,0.704270900723,0.861956659853,0.690310452557,0.66142823488,0.763403870606
786,394,219,-1,-1,0.704239988432,0.861961945103,0.690295732042,0.661314743101,0.763414205158
787,395,219,-1,-1,0.703770067756,0.862101062683,0.690358660109,0.659669427792,0.763414855274
788,395,219,-1,-1,0.704106582838,0.862708019108,0.691015898535,0.659753676181,0.763421873542
789,396,219,0.629558374263,-1,0.70391780423,0.862707068789,0.690691024172,0.659754319636,0.763421873542
790,397,219,-1,-1,0.702994375273,0.862718106793,0.688828239675,0.659754319636,0.763443456782
791,398,219,0.664673211924,-1,0.702898156561,0.862718226043,0.688703475395,0.65975360325,0.763442502944
792,398,219,-1,-1,0.703329449272,0.863171751438,0.689077277782,0.660810481404,0.763447305573
793,398,219,-1,-1,0.703330114002,0.863172959486,0.689077277782,0.660810481404,0.763449667739
794,398,220,-1,-1,0.703803752447,0.862856438881,0.689077277782,0.660824376539,0.765121113794
795,399,220,0.544448839598,-1,0.703402032998,0.862852206393,0.688325310341,0.660824312259,0.765117329624
796,399,220,-1,-1,0.703582104429,0.863178790489,0.688526039759,0.661188602911,0.765107190358
797,399,220,-1,-1,0.703829963895,0.863198023694,0.689015238894,0.661228078021,0.765114063872
798,399,221,-1,-1,0.704285807035,0.86308475754,0.689844018512,0.661461343411,0.765114063872
799,399,221,-1,-1,0.704286446991,0.863085912935,0.68983936313,0.661457844391,0.765127302612
800,399,222,-1,-1,0.704507096322,0.862732851035,0.689864663515,0.661673241895,0.76568898782
801,399,222,-1,-1,0.704514493838,0.862746146571,0.689906722493,0.661613200492,0.76569325673
802,400,223,0.411686576692,-1,0.704327962168,0.862359353285,0.688472831017,0.661626631786,0.767629930912
803,400,224,-1,-1,0.704963457513,0.862162805299,0.688476426214,0.661626631786,0.769893329747
804,401,224,-1,-1,0.704835714002,0.86216256675,0.688298556054,0.661626631786,0.769892852648
805,401,224,-1,-1,0.704857147756,0.862200936997,0.688296144717,0.661630463001,0.769970575968
806,402,225,-1,-1,0.704918207027,0.86161072383,0.688295618775,0.662347805291,0.769968143402
807,402,225,-1,-1,0.704912080193,0.86159977722,0.688295964871,0.662320608472,0.769968618597
808,402,225,-1,-1,0.705065373372,0.861873661034,0.688601102551,0.662321221088,0.76998704549
809,402,225,-1,-1,0.705064484484,0.861872072886,0.688601102551,0.662321221088,0.769983855013
810,403,226,0.29485526286,-1,0.704525231623,0.861317859805,0.686593753589,0.664041921092,0.770243840508
811,403,226,-1,-1,0.704937136234,0.861326389446,0.687431605634,0.664041103678,0.770260413827
812,403,226,-1,-1,0.70493792403,0.861327794233,0.687431605634,0.664041103678,0.770263248486
813,403,227,-1,-1,0.705287539865,0.860888561116,0.68814405629,0.664039424019,0.77027587724
814,404,228,-1,-1,0.705529659547,0.860635119583,0.68814405629,0.664039424019,0.770566390641
815,405,228,0.521500267982,-1,0.70538521278,0.860625059633,0.687299969745,0.665384920016,0.770542918007
816,405,228,-1,-1,0.705396531084,0.860645164515,0.68732323834,0.665384920016,0.770542918007
817,406,228,0.513402634111,-1,0.704921700558,0.860641711459,0.686445847672,0.665385892355,0.770533387732
818,406,228,-1,-1,0.705238028115,0.860822693481,0.686885989955,0.665404898863,0.770882725764
819,406,229,-1,-1,0.705616982178,0.860719225586,0.687467931375,0.665810436266,0.770883654043
820,407,229,-1,-1,0.704853063891,0.860744327584,0.687470092515,0.662927937668,0.770929528046
821,408,230,0.789367936156,-1,0.705059908759,0.860433464291,0.687981679723,0.662927623327,0.770929528046
822,408,230,-1,-1,0.705056279713,0.86042702668,0.687983749287,0.66292656566,0.770913678863
823,408,230,-1,-1,0.705056262373,0.860426995919,0.687983749287,0.66292656566,0.770913616252
824,409,230,0.567993968546,-1,0.704728200018,0.860439538488,0.687391805337,0.662949043019,0.770905881505
825,409,230,-1,-1,0.704728173674,0.860439491641,0.687391805337,0.662949043019,0.770905786153
826,410,230,-1,-1,0.704403595737,0.8607694632,0.687533581589,0.663438519495,0.768497018095
827,410,230,-1,-1,0.704404078594,0.860770323945,0.687533581589,0.663438519495,0.768498754687
828,410,230,-1,-1,0.704799598746,0.86075175998,0.688333236117,0.663439420352,0.768517578147
829,410,230,-1,-1,0.704797897201,0.860748726791,0.688331726716,0.663439952945,0.768513658128
830,411,231,-1,-1,0.705313894171,0.86124762013,0.688981090984,0.663080283104,0.769903551283
831,412,232,-1,-1,0.705432091341,0.860785393872,0.689304216063,0.663080283104,0.769904269672
832,412,232,-1,-1,0.705431233873,0.860783871128,0.689304216063,0.663080283104,0.769901170754
833,414,233,-1,-1,0.70423075412,0.860438678128,0.689922401121,0.657539564475,0.770006251732
834,414,233,-1,-1,0.704229907072,0.860437173072,0.689922401121,0.657539564475,0.770003175609
835,414,233,-1,-1,0.704239524227,0.860454261065,0.689925811332,0.657538066057,0.770033389585
836,415,233,0.610671083632,-1,0.704017661316,0.860460678801,0.689533728927,0.65753437887,0.770049234164
837,416,233,0.414768266373,-1,0.70332366031,0.860463017756,0.688181129413,0.657533611117,0.770053034365
838,417,233,-1,-1,0.703304581173,0.860468164798,0.688210478776,0.657533611117,0.770063554197
839,417,234,-1,-1,0.703849744489,0.860189784057,0.689235778608,0.657541181351,0.770216383003
840,417,234,-1,-1,0.703839510184,0.860171546,0.68923604161,0.657543093974,0.770176815393
841,417,234,-1,-1,0.704206798368,0.860203443818,0.689237691263,0.65901937368,0.770235332523
842,418,235,0.338488045567,-1,0.704377874252,0.85968587169,0.687526547766,0.659015652504,0.774074206556
843,419,235,-1,-1,0.704480940376,0.860255709605,0.687727858507,0.65680060236,0.776431954276
844,420,235,-1,-1,0.70444214595,0.860272750457,0.687733061518,0.657076734379,0.776453276453
845,421,236,-1,-1,0.704853367705,0.860346029077,0.688654583087,0.657076734379,0.776453276453
846,421,236,-1,-1,0.704851353895,0.860342436645,0.688654583087,0.657076734379,0.776445839488
847,423,236,0.51217790617,0.51217790617,0.703963701888,0.860384259087,0.686959068918,0.65712222466,0.776489604148
848,423,236,-1,-1,0.703964664023,0.860385983592,0.686961836416,0.657120554794,0.776489604148
849,423,236,-1,-1,0.703964631606,0.860385925489,0.686962187896,0.657119695189,0.776489604148
850,423,236,-1,-1,0.704107561938,0.86064210994,0.687011255426,0.657125572578,0.776925217024
851,423,236,-1,-1,0.704115741153,0.860656770143,0.687011255426,0.657125572578,0.776955566217
852,423,237,-1,-1,0.704474202538,0.860551939245,0.687022957447,0.658524380124,0.777025001159
853,423,237,-1,-1,0.704791362854,0.861118010188,0.687025371712,0.659144668865,0.777647873822
854,423,238,-1,-1,0.705512408882,0.860895355872,0.688473933722,0.659150356842,0.777675304404
855,423,238,-1,-1,0.705512851633,0.860896142778,0.688473933722,0.659150356842,0.777676947243
856,423,238,-1,-1,0.705513814079,0.860897853342,0.688472594686,0.659152913366,0.777680696585
857,423,238,-1,-1,0.705525351523,0.860918358969,0.688479088831,0.659179149854,0.777688413003
858,423,238,-1,-1,0.705553617075,0.860968595642,0.688478646851,0.659178693932,0.777794503425
859,423,238,-1,-1,0.705554673603,0.860970473422,0.688478646851,0.659178693932,0.777798423703
860,423,238,-1,-1,0.705555607578,0.860972133385,0.688481333235,0.659177073172,0.777798423703
861,423,238,-1,-1,0.705556532832,0.860973777848,0.688481333235,0.659177073172,0.777801856882
862,424,238,0.58564563221,-1,0.705275635944,0.860977183817,0.68798996334,0.659176494162,0.777808257825
863,424,238,-1,-1,0.705274671134,0.860975464995,0.68798996334,0.659176494162,0.777804669407
864,424,239,-1,-1,0.706212856228,0.86060523546,0.689883300297,0.659173292109,0.777825778732
865,424,239,-1,-1,0.706194577895,0.860572808628,0.689846218896,0.659173292109,0.777825778732
866,424,239,-1,-1,0.706229165593,0.86063416923,0.68984497129,0.659342668118,0.777806646772
867,424,239,-1,-1,0.706228160862,0.860632386778,0.689845346927,0.65933644256,0.777807736833
868,425,239,-1,-1,0.706056781043,0.860752317877,0.689840607577,0.65811058796,0.778685657787
869,426,239,-1,-1,0.705822893807,0.860766588761,0.689844138904,0.657572550149,0.778711886539
870,426,239,-1,-1,0.705960346528,0.861011588171,0.690124305693,0.657572550149,0.778711886539
871,426,239,-1,-1,0.705960481739,0.861011829175,0.690124305693,0.657572550149,0.778712391801
872,426,239,-1,-1,0.705946057641,0.860986119277,0.690126103323,0.657571149438,0.778656461126
873,426,240,-1,-1,0.706415373381,0.860747697015,0.690121641979,0.659506019818,0.778670226714
874,426,240,-1,-1,0.707287929728,0.860832845601,0.690134573928,0.66216220547,0.779507236402
875,426,240,-1,-1,0.707287912635,0.860832815262,0.690134573928,0.66216220547,0.77950717253
876,426,240,-1,-1,0.707286616962,0.860830515441,0.690134573928,0.66216220547,0.779502330802
877,426,241,-1,-1,0.707826577371,0.860535342073,0.690127340665,0.662160881673,0.781534534638
878,426,241,-1,-1,0.707827025097,0.860536133488,0.690127340665,0.662160881673,0.781536207717
879,426,241,-1,-1,0.708131696534,0.860567915027,0.690728374632,0.662208810034,0.781529517472
880,427,242,0.553441365722,-1,0.708055343952,0.860197950269,0.69064820405,0.662207772409,0.781544811043
881,428,243,-1,-1,0.70813807075,0.859717557113,0.690862347644,0.662209002533,0.781610628658
882,429,243,0.592963949456,-1,0.707885997197,0.85974650595,0.690400949055,0.662208013279,0.781672510792
883,430,243,-1,-1,0.707301307396,0.859881380565,0.69055810311,0.659912717531,0.781669488578
884,430,243,-1,-1,0.707962763781,0.859884704138,0.690561912677,0.659912717531,0.784157371185
885,431,243,0.546245849089,-1,0.707676431253,0.860042348563,0.689886940973,0.659912717531,0.784488603681
886,431,243,-1,-1,0.707709936972,0.860101776401,0.689941878121,0.659916109083,0.784509539037
887,432,243,0.527165628816,-1,0.707230942297,0.859993211005,0.689030168,0.659945879748,0.784534558127
888,433,243,-1,-1,0.707110173717,0.859989637994,0.689016826173,0.659906456025,0.784551987156
889,433,243,-1,-1,0.707612115695,0.860054873528,0.689090902036,0.661825395472,0.784551987156
890,433,243,-1,-1,0.707759829399,0.860318083543,0.689120164223,0.661825395472,0.785058109312
891,434,243,0.447164082803,-1,0.707569770653,0.860504853242,0.688611939287,0.662282581216,0.785035460431
892,434,243,-1,-1,0.707568067706,0.860501811764,0.688613199106,0.662272962737,0.785035460431
893,434,243,-1,-1,0.707563241021,0.860493191264,0.688614780734,0.662271747086,0.78501522194
894,434,243,-1,-1,0.707571434466,0.860507824824,0.688616350723,0.662273512116,0.785041827898
895,434,243,-1,-1,0.707668108596,0.860531540873,0.688784692923,0.662273512116,0.785092380528
896,434,243,-1,-1,0.707657992302,0.860513473088,0.688784405177,0.662273415397,0.78505449938
897,434,243,-1,-1,0.707658570499,0.860514505752,0.688784405177,0.662273415397,0.785056700584
898,435,243,0.395109082623,-1,0.706782397754,0.860513431606,0.687107278957,0.66227380913,0.785056322892
899,435,243,-1,-1,0.706801125978,0.860546957439,0.687102777595,0.66227380913,0.785136314749
900,435,243,-1,-1,0.706824506075,0.860588810699,0.687102777595,0.66230907779,0.785193043983
901,436,244,-1,-1,0.706976704629,0.860230590473,0.687102884942,0.66233901336,0.785061075372
902,437,244,-1,-1,0.706327740451,0.860548619273,0.687102068455,0.662341296687,0.781942583093
903,437,245,-1,-1,0.707032836566,0.860038604437,0.687100861385,0.665277810126,0.781943047043
904,437,245,-1,-1,0.707129718994,0.860211411053,0.687100861385,0.665280714405,0.78230539766
905,437,245,-1,-1,0.707023755191,0.860022406229,0.687069120663,0.665266402142,0.781978264918
906,437,245,-1,-1,0.707077563327,0.860118382373,0.687070429698,0.665460449286,0.782002889517
907,437,245,-1,-1,0.707097602371,0.860154125485,0.687070429698,0.665458108359,0.782080500378
908,437,245,-1,-1,0.707080012763,0.860122751367,0.687034843314,0.665458108359,0.782080500378
909,438,246,-1,-1,0.707433594656,0.860130174661,0.687840898791,0.665458108359,0.782080500378
910,438,246,-1,-1,0.707434052593,0.860130990014,0.687840898791,0.665458108359,0.782082229488
911,438,247,-1,-1,0.708166126696,0.859757231106,0.689027354529,0.665541041789,0.782551880794
912,438,247,-1,-1,0.708166828926,0.859758476356,0.689026771497,0.665543132736,0.782553730321
913,438,247,-1,-1,0.708222570636,0.859857321979,0.689026396557,0.665776430174,0.782553730321
914,439,247,0.446973886356,-1,0.707993995494,0.860508755975,0.687915716166,0.665776212691,0.783941685905
915,439,247,-1,-1,0.708024578823,0.860563112581,0.687916862528,0.66580140494,0.78403247029
916,440,247,-1,-1,0.707342168725,0.860500845114,0.68787196122,0.665801561871,0.780900023049
917,440,247,-1,-1,0.707662821129,0.860504310527,0.687865792556,0.665801561871,0.782117389088
918,440,247,-1,-1,0.708038467094,0.860527441753,0.688624817545,0.665801085557,0.782116250541
919,440,247,-1,-1,0.708044189978,0.860537636364,0.688617979376,0.665802944728,0.782148845213
920,440,247,-1,-1,0.708064171196,0.860573230436,0.68863586149,0.665778633164,0.782212487516
921,440,247,-1,-1,0.708064818094,0.860574382805,0.68861584168,0.665773684336,0.782256663419
922,440,247,-1,-1,0.708064484302,0.860573788195,0.68861584168,0.665773684336,0.782255408131
923,440,248,-1,-1,0.708377090514,0.860034417096,0.68922910558,0.665747545911,0.782311816145
924,440,249,-1,-1,0.709191288214,0.859407882571,0.689227362077,0.665747545911,0.785377004793
925,440,249,-1,-1,0.709199250429,0.859421952349,0.689227362077,0.665776467849,0.785380992581
926,440,249,-1,-1,0.709193936702,0.859412562629,0.689227362077,0.665768939808,0.785367765266
927,440,249,-1,-1,0.709202002243,0.859426814992,0.689227362077,0.665761568376,0.785404712605
928,440,249,-1,-1,0.709203648503,0.859429724044,0.689227362077,0.665761568376,0.785410903666
929,440,249,-1,-1,0.709204315223,0.859430902184,0.689226791565,0.665763504771,0.785412736204
930,440,249,-1,-1,0.709204518667,0.859431261684,0.689210137304,0.66576421713,0.785443893012
931,441,249,-1,-1,0.708574799792,0.859696913578,0.689523353934,0.662928493471,0.785427138826
932,441,249,-1,-1,0.708571553352,0.85969116386,0.689523353934,0.66291709012,0.785425233486
933,441,250,-1,-1,0.709090238082,0.859287456752,0.690465387794,0.663022816998,0.785529246608
934,441,250,-1,-1,0.70918310401,0.85945127225,0.690633540929,0.663043992758,0.785546783876
935,441,250,-1,-1,0.709381811288,0.859801791888,0.690559687114,0.663131932677,0.786353693363
936,441,250,-1,-1,0.709428868725,0.859884801208,0.690612282091,0.663132729966,0.786432343894
937,441,250,-1,-1,0.709454983418,0.859930867525,0.690668115893,0.663130427655,0.786428829839
938,441,250,-1,-1,0.709454234498,0.859929546431,0.690668115893,0.663130427655,0.786426006989
939,443,250,-1,-1,0.708566332252,0.859912397942,0.690650363359,0.660388101341,0.786420436159
940,444,250,-1,-1,0.708406554671,0.859852326543,0.690476813462,0.660293095235,0.786379776413
941,444,250,-1,-1,0.708567003624,0.859852640854,0.690477172264,0.66095199114,0.786379776413
942,444,250,-1,-1,0.708569410253,0.859856915026,0.690475238138,0.660964496852,0.786380985812
943,444,250,-1,-1,0.708698472849,0.860086130196,0.690729470379,0.660965145276,0.786394292666
944,445,250,0.390043099643,-1,0.708000607586,0.860118551521,0.68936414699,0.660965145276,0.786460874769
945,445,250,-1,-1,0.708000581262,0.860118504664,0.689364421709,0.660964477199,0.786460874769
946,445,251,-1,-1,0.708426713075,0.859658754024,0.689363736305,0.660964311156,0.788083074584
947,445,251,-1,-1,0.708497763752,0.859784720364,0.689508302486,0.660965947563,0.788079965691
948,445,251,-1,-1,0.708506199474,0.859799676126,0.689507975163,0.660977464115,0.788102035091
949,445,251,-1,-1,0.708510114745,0.859806617543,0.689506115379,0.660988673227,0.788110076664
950,447,251,-1,-1,0.707624335775,0.85983918017,0.689509967333,0.660455570992,0.784968034238
951,447,251,-1,-1,0.707625762828,0.859841721575,0.689506927655,0.660467558349,0.784968034238
952,447,251,-1,-1,0.707667775966,0.859916541785,0.689506535763,0.660479792377,0.785116615425
953,448,251,0.682597198892,-1,0.707630388858,0.859949693787,0.689476541305,0.660484061458,0.785180812552
954,449,251,0.391761159011,-1,0.707593520801,0.860275652867,0.688130970932,0.662479471947,0.785882651277
955,450,252,0.378005375316,-1,0.707327956781,0.859743459712,0.687695790307,0.662450378467,0.785884136101
956,450,252,-1,-1,0.707333445777,0.859753261492,0.687706866757,0.662450378467,0.785884136101
957,450,252,-1,-1,0.707927839753,0.859805812781,0.688732992829,0.662791533916,0.785896553314
958,450,252,-1,-1,0.707933460826,0.859815850412,0.688732992829,0.662791533916,0.785917989612
959,451,253,-1,-1,0.708095359667,0.859504127043,0.689144675173,0.662791533916,0.785917989612
960,452,253,0.448035886528,-1,0.707364681401,0.859226628611,0.687741261883,0.662791533916,0.785955719259
961,453,253,0.482768008729,-1,0.707756699518,0.859582744618,0.687134739589,0.665809734068,0.786000616279
962,454,253,0.527973425044,-1,0.707838075493,0.859583625915,0.68738556398,0.665814561475,0.786001491946
963,455,254,-1,-1,0.708131961184,0.859512651267,0.688061750388,0.665814561475,0.786001491946
964,456,255,0.454456721003,-1,0.707788632919,0.85926507334,0.687034896838,0.666730317263,0.785991700454
965,456,255,-1,-1,0.707792347758,0.859271716346,0.687038715035,0.666726287932,0.786002368221
966,456,255,-1,-1,0.707792720396,0.85927238271,0.687038715035,0.666726287932,0.786003808247
967,456,256,-1,-1,0.707973737253,0.858792806608,0.687399167815,0.666726287932,0.786003808247
968,456,257,-1,-1,0.70814220481,0.858198199299,0.687725847308,0.666726287932,0.786020855721
969,456,257,-1,-1,0.708146955443,0.858206628437,0.687725847308,0.666726287932,0.786039214098
970,457,257,0.562481176959,-1,0.707889393498,0.858315422094,0.687292185717,0.666726287932,0.786060040077
971,457,257,-1,-1,0.708488123681,0.858402555139,0.68736877225,0.669037322531,0.786094802955
972,458,257,0.618038884262,-1,0.708292501213,0.858405878677,0.687067085887,0.669039723411,0.786102871728
973,459,258,-1,-1,0.707935167421,0.857875687016,0.687510531271,0.666963896334,0.78611254683
974,459,258,-1,-1,0.707941393596,0.857886763816,0.687514616975,0.666975143201,0.786118282945
975,459,258,-1,-1,0.707930936748,0.857868160352,0.687516106104,0.666974066691,0.786075695942
976,459,258,-1,-1,0.707935967345,0.857877110136,0.687516106104,0.666974066691,0.786095264113
977,459,258,-1,-1,0.707942722578,0.857889128166,0.687516106104,0.666974066691,0.786121540822
978,459,258,-1,-1,0.707950189624,0.857902412562,0.687519066771,0.666999007239,0.786121540822
979,459,258,-1,-1,0.708323462256,0.858566490616,0.688191799796,0.667142353002,0.786122920274
980,459,258,-1,-1,0.708378870832,0.858665066338,0.688318167424,0.667142353002,0.786091069548
981,459,258,-1,-1,0.708447539868,0.858787233345,0.68844599146,0.667160459686,0.786091069548
982,459,258,-1,-1,0.708701614586,0.859239249995,0.688542702103,0.668017551841,0.786091069548
983,460,258,0.38242468288,-1,0.707997210592,0.859247975167,0.687251819449,0.667977714123,0.786091069548
984,460,258,-1,-1,0.707998231385,0.859249795186,0.687251819449,0.667977714123,0.786095048911
985,460,258,-1,-1,0.708424782932,0.860010313448,0.688127627253,0.66791431686,0.786095048911
986,460,258,-1,-1,0.708523554898,0.860186418503,0.688355010526,0.667847840338,0.78609500317
987,460,258,-1,-1,0.708659809499,0.860429353064,0.688605468244,0.667861690401,0.786120828754
988,460,258,-1,-1,0.708819953942,0.860714881915,0.688606689113,0.667860731521,0.786743614168
989,461,259,-1,-1,0.708980140452,0.860413534631,0.689010376865,0.667860731521,0.786743614168
990,461,259,-1,-1,0.708980333126,0.860413877574,0.689010376865,0.667860731521,0.786744366899
991,462,260,-1,-1,0.709456786345,0.860678061585,0.690036408248,0.667860731521,0.786744366899
992,463,260,0.365273959992,-1,0.708912654977,0.861032869289,0.688652465053,0.667861198871,0.78752964484
993,464,262,-1,-1,0.709352307036,0.860446033791,0.688650550808,0.66889006016,0.788642324975
994,464,262,-1,-1,0.709350922848,0.860443582405,0.688648069934,0.668889526304,0.788642324975
995,464,262,-1,-1,0.709393237184,0.860518520772,0.688731618241,0.668889526304,0.788642324975
996,464,262,-1,-1,0.709390286602,0.860513295313,0.688732768299,0.668888972101,0.788628953643
997,464,262,-1,-1,0.709394847118,0.860521371952,0.688720885721,0.668888972101,0.788670550977
998,464,262,-1,-1,0.709395804215,0.860523066963,0.688720885721,0.668888972101,0.788674314476
999,464,262,-1,-1,0.709395128916,0.860521871015,0.688720885721,0.668888972101,0.788671659065
1000,464,262,-1,-1,0.709402959327,0.860535738613,0.68872223638,0.668887948517,0.788700722825

